Nama File,Status Encoding,Codec Video,Codec Audio,Resolution,Frame Rate,Pixel Format,Profile,Audio Sample Rate,File Size,Duration,Faststart,Valid Meta & TikTok (Ya/Tidak),Catatan Error bila ada
Kucing_HD_001.mp4,Berhasil,h264,aac,1080x1920,30.00,yuv420p,High,48000 Hz,2.10 MB,15.16s,Ya,Ya,None
Kucing_HD_002.mp4,Berhasil,h264,aac,1080x1920,30.00,yuv420p,High,48000 Hz,2.19 MB,5.55s,Ya,Ya,None
Kucing_HD_003.mp4,Berhasil,h264,aac,1080x1920,30.00,yuv420p,High,48000 Hz,7.86 MB,10.01s,Ya,Ya,None
Kucing_HD_004.mp4,Berhasil,h264,aac,1080x1920,30.00,yuv420p,High,48000 Hz,30.40 MB,32.90s,Ya,Ya,None
Kucing_HD_005.mp4,Berhasil,h264,aac,1080x1920,30.00,yuv420p,High,48000 Hz,20.57 MB,31.00s,Ya,Ya,None
Kucing_HD_006.mp4,Berhasil,h264,aac,1080x1920,30.00,yuv420p,High,48000 Hz,6.58 MB,9.50s,Ya,Ya,None
Kucing_HD_007.mp4,Berhasil,h264,aac,1080x1920,30.00,yuv420p,High,48000 Hz,2.27 MB,7.04s,Ya,Ya,None
Kucing_HD_008.mp4,Berhasil,h264,aac,1080x1920,30.00,yuv420p,High,48000 Hz,6.97 MB,14.98s,Ya,Ya,None
Kucing_HD_009.mp4,Berhasil,h264,aac,1080x1920,30.00,yuv420p,High,48000 Hz,12.20 MB,27.14s,Ya,Ya,None
Kucing_HD_010.mp4,Berhasil,h264,aac,1080x1920,30.00,yuv420p,High,48000 Hz,6.21 MB,11.87s,Ya,Ya,None
Kucing_HD_011.mp4,Berhasil,h264,aac,1080x1920,30.00,yuv420p,High,48000 Hz,4.82 MB,11.63s,Ya,Ya,None
Kucing_HD_012.mp4,Berhasil,h264,aac,1080x1920,30.00,yuv420p,High,48000 Hz,3.92 MB,8.34s,Ya,Ya,None
Kucing_HD_013.mp4,Berhasil,h264,aac,1080x1920,30.00,yuv420p,High,48000 Hz,33.37 MB,23.89s,Ya,Ya,None
Kucing_HD_014.mp4,Berhasil,h264,aac,1080x1920,30.00,yuv420p,High,48000 Hz,7.85 MB,16.32s,Ya,Ya,None
Kucing_HD_015.mp4,Berhasil,h264,aac,1080x1920,30.00,yuv420p,High,48000 Hz,12.41 MB,11.49s,Ya,Ya,None
Kucing_HD_016.mp4,Berhasil,h264,aac,1080x1920,30.00,yuv420p,High,48000 Hz,7.06 MB,30.07s,Ya,Ya,None
Kucing_HD_017.mp4,Berhasil,h264,aac,1080x1920,30.00,yuv420p,High,48000 Hz,5.60 MB,13.49s,Ya,Ya,None
Kucing_HD_018.mp4,Berhasil,h264,aac,1080x1920,30.00,yuv420p,High,48000 Hz,9.77 MB,25.15s,Ya,Ya,None
Kucing_HD_019.mp4,Berhasil,h264,aac,1080x1920,30.00,yuv420p,High,48000 Hz,2.89 MB,7.22s,Ya,Ya,None
Kucing_HD_020.mp4,Berhasil,h264,aac,1080x1920,30.00,yuv420p,High,48000 Hz,10.44 MB,14.10s,Ya,Ya,None
Kucing_HD_021.mp4,Berhasil,h264,aac,1080x1920,30.00,yuv420p,High,48000 Hz,15.10 MB,22.08s,Ya,Ya,None
Kucing_HD_022.mp4,Berhasil,h264,aac,1080x1920,30.00,yuv420p,High,48000 Hz,10.58 MB,24.50s,Ya,Ya,None
Kucing_HD_023.mp4,Berhasil,h264,aac,1080x1920,30.00,yuv420p,High,48000 Hz,9.47 MB,18.97s,Ya,Ya,None
Kucing_HD_024.mp4,Berhasil,h264,aac,1080x1920,30.00,yuv420p,High,48000 Hz,3.39 MB,7.59s,Ya,Ya,None
Kucing_HD_025.mp4,Berhasil,h264,aac,1080x1920,30.00,yuv420p,High,48000 Hz,11.18 MB,9.59s,Ya,Ya,None
Kucing_HD_026.mp4,Berhasil,h264,aac,1080x1920,30.00,yuv420p,High,48000 Hz,2.29 MB,7.04s,Ya,Ya,None
Kucing_HD_027.mp4,Berhasil,h264,aac,1080x1920,30.00,yuv420p,High,48000 Hz,3.71 MB,11.87s,Ya,Ya,None
Kucing_HD_028.mp4,Berhasil,h264,aac,1080x1920,30.00,yuv420p,High,48000 Hz,2.42 MB,6.25s,Ya,Ya,None
Kucing_HD_029.mp4,Berhasil,h264,aac,1080x1920,30.00,yuv420p,High,48000 Hz,44.27 MB,21.65s,Ya,Ya,None
Kucing_HD_030.mp4,Berhasil,h264,aac,1080x1920,30.00,yuv420p,High,48000 Hz,2.21 MB,10.29s,Ya,Ya,None
Kucing_HD_031.mp4,Berhasil,h264,aac,1080x1920,30.00,yuv420p,High,48000 Hz,12.69 MB,18.55s,Ya,Ya,None
Kucing_HD_032.mp4,Berhasil,h264,aac,1080x1920,30.00,yuv420p,High,48000 Hz,3.53 MB,13.35s,Ya,Ya,None
Kucing_HD_033.mp4,Berhasil,h264,aac,1080x1920,30.00,yuv420p,High,48000 Hz,10.47 MB,12.84s,Ya,Ya,None
Kucing_HD_034.mp4,Berhasil,h264,aac,1080x1920,30.00,yuv420p,High,48000 Hz,4.02 MB,12.79s,Ya,Ya,None
Kucing_HD_035.mp4,Berhasil,h264,aac,1080x1920,30.00,yuv420p,High,48000 Hz,33.50 MB,47.72s,Ya,Ya,None
Kucing_HD_036.mp4,Berhasil,h264,aac,1080x1920,30.00,yuv420p,High,48000 Hz,5.10 MB,36.90s,Ya,Ya,None
Kucing_HD_037.mp4,Berhasil,h264,aac,1080x1920,30.00,yuv420p,High,48000 Hz,3.03 MB,7.46s,Ya,Ya,None
Kucing_HD_038.mp4,Berhasil,h264,aac,1080x1920,30.00,yuv420p,High,48000 Hz,4.33 MB,11.54s,Ya,Ya,None
Kucing_HD_039.mp4,Berhasil,h264,aac,1080x1920,30.00,yuv420p,High,48000 Hz,1.99 MB,9.40s,Ya,Ya,None
Kucing_HD_040.mp4,Berhasil,h264,aac,1080x1920,30.00,yuv420p,High,48000 Hz,1.60 MB,5.09s,Ya,Ya,None
Kucing_HD_041.mp4,Berhasil,h264,aac,1080x1920,30.00,yuv420p,High,48000 Hz,4.16 MB,7.32s,Ya,Ya,None
Kucing_HD_042.mp4,Berhasil,h264,aac,1080x1920,30.00,yuv420p,High,48000 Hz,52.26 MB,50.46s,Ya,Ya,None
Kucing_HD_043.mp4,Berhasil,h264,aac,1080x1920,30.00,yuv420p,High,48000 Hz,5.60 MB,10.01s,Ya,Ya,None
Kucing_HD_044.mp4,Berhasil,h264,aac,1080x1920,30.00,yuv420p,High,48000 Hz,67.25 MB,51.76s,Ya,Ya,None
Kucing_HD_045.mp4,Berhasil,h264,aac,1080x1920,30.00,yuv420p,High,48000 Hz,2.62 MB,5.64s,Ya,Ya,None
Kucing_HD_046.mp4,Berhasil,h264,aac,1080x1920,30.00,yuv420p,High,48000 Hz,6.29 MB,30.21s,Ya,Ya,None
Kucing_HD_047.mp4,Berhasil,h264,aac,1080x1920,30.00,yuv420p,High,48000 Hz,10.60 MB,10.94s,Ya,Ya,None
Kucing_HD_048.mp4,Berhasil,h264,aac,1080x1920,30.00,yuv420p,High,48000 Hz,4.97 MB,26.73s,Ya,Ya,None
Kucing_HD_049.mp4,Berhasil,h264,aac,1080x1920,30.00,yuv420p,High,48000 Hz,6.61 MB,20.09s,Ya,Ya,None
Kucing_HD_050.mp4,Berhasil,h264,aac,1080x1920,30.00,yuv420p,High,48000 Hz,5.84 MB,15.12s,Ya,Ya,None
Kucing_HD_051.mp4,Berhasil,h264,aac,1080x1920,30.00,yuv420p,High,48000 Hz,8.23 MB,19.95s,Ya,Ya,None
Kucing_HD_052.mp4,Berhasil,h264,aac,1080x1920,30.00,yuv420p,High,48000 Hz,9.98 MB,17.16s,Ya,Ya,None
Kucing_HD_053.mp4,Berhasil,h264,aac,1080x1920,30.00,yuv420p,High,48000 Hz,4.55 MB,10.66s,Ya,Ya,None
Kucing_HD_054.mp4,Berhasil,h264,aac,1080x1920,30.00,yuv420p,High,48000 Hz,8.06 MB,15.21s,Ya,Ya,None
Kucing_HD_055.mp4,Berhasil,h264,aac,1080x1920,30.00,yuv420p,High,48000 Hz,6.29 MB,6.67s,Ya,Ya,None
Kucing_HD_056.mp4,Berhasil,h264,aac,1080x1920,30.00,yuv420p,High,48000 Hz,3.95 MB,9.22s,Ya,Ya,None
Kucing_HD_057.mp4,Berhasil,h264,aac,1080x1920,30.00,yuv420p,High,48000 Hz,19.37 MB,27.01s,Ya,Ya,None
Kucing_HD_058.mp4,Berhasil,h264,aac,1080x1920,30.00,yuv420p,High,48000 Hz,1.36 MB,15.21s,Ya,Ya,None
Kucing_HD_059.mp4,Berhasil,h264,aac,1080x1920,30.00,yuv420p,High,48000 Hz,12.83 MB,11.08s,Ya,Ya,None
Kucing_HD_060.mp4,Berhasil,h264,aac,1080x1920,30.00,yuv420p,High,48000 Hz,2.54 MB,7.97s,Ya,Ya,None
Kucing_HD_061.mp4,Berhasil,h264,aac,1080x1920,30.00,yuv420p,High,48000 Hz,10.04 MB,19.30s,Ya,Ya,None
Kucing_HD_062.mp4,Berhasil,h264,aac,1080x1920,30.00,yuv420p,High,48000 Hz,3.51 MB,10.05s,Ya,Ya,None
Kucing_HD_063.mp4,Berhasil,h264,aac,1080x1920,30.00,yuv420p,High,48000 Hz,16.40 MB,27.80s,Ya,Ya,None
Kucing_HD_064.mp4,Berhasil,h264,aac,1080x1920,30.00,yuv420p,High,48000 Hz,7.05 MB,13.07s,Ya,Ya,None
Kucing_HD_065.mp4,Berhasil,h264,aac,1080x1920,30.00,yuv420p,High,48000 Hz,13.48 MB,8.34s,Ya,Ya,None
Kucing_HD_066.mp4,Berhasil,h264,aac,1080x1920,30.00,yuv420p,High,48000 Hz,3.76 MB,9.96s,Ya,Ya,None
Kucing_HD_067.mp4,Berhasil,h264,aac,1080x1920,30.00,yuv420p,High,48000 Hz,4.74 MB,13.03s,Ya,Ya,None
Kucing_HD_068.mp4,Berhasil,h264,aac,1080x1920,30.00,yuv420p,High,48000 Hz,7.24 MB,30.26s,Ya,Ya,None
Kucing_HD_069.mp4,Berhasil,h264,aac,1080x1920,30.00,yuv420p,High,48000 Hz,50.40 MB,51.25s,Ya,Ya,None
Kucing_HD_070.mp4,Berhasil,h264,aac,1080x1920,30.00,yuv420p,High,48000 Hz,7.13 MB,14.88s,Ya,Ya,None
Kucing_HD_071.mp4,Berhasil,h264,aac,1080x1920,30.00,yuv420p,High,48000 Hz,4.65 MB,10.73s,Ya,Ya,None
Kucing_HD_072.mp4,Berhasil,h264,aac,1080x1920,30.00,yuv420p,High,48000 Hz,2.36 MB,7.27s,Ya,Ya,None
Kucing_HD_073.mp4,Berhasil,h264,aac,1080x1920,30.00,yuv420p,High,48000 Hz,18.01 MB,19.53s,Ya,Ya,None
Kucing_HD_074.mp4,Berhasil,h264,aac,1080x1920,30.00,yuv420p,High,48000 Hz,2.02 MB,7.04s,Ya,Ya,None
Kucing_HD_075.mp4,Berhasil,h264,aac,1080x1920,30.00,yuv420p,High,48000 Hz,8.64 MB,13.96s,Ya,Ya,None
Kucing_HD_076.mp4,Berhasil,h264,aac,1080x1920,30.00,yuv420p,High,48000 Hz,3.72 MB,7.92s,Ya,Ya,None
Kucing_HD_077.mp4,Berhasil,h264,aac,1080x1920,30.00,yuv420p,High,48000 Hz,3.29 MB,5.50s,Ya,Ya,None
Kucing_HD_078.mp4,Berhasil,h264,aac,1080x1920,30.00,yuv420p,High,48000 Hz,4.50 MB,8.34s,Ya,Ya,None
Kucing_HD_079.mp4,Berhasil,h264,aac,1080x1920,30.00,yuv420p,High,48000 Hz,1.96 MB,6.06s,Ya,Ya,None
Kucing_HD_080.mp4,Berhasil,h264,aac,1080x1920,30.00,yuv420p,High,48000 Hz,1.95 MB,8.15s,Ya,Ya,None
Kucing_HD_081.mp4,Berhasil,h264,aac,1080x1920,30.00,yuv420p,High,48000 Hz,18.38 MB,23.57s,Ya,Ya,None
Kucing_HD_082.mp4,Berhasil,h264,aac,1080x1920,30.00,yuv420p,High,48000 Hz,3.76 MB,7.36s,Ya,Ya,None
Kucing_HD_083.mp4,Berhasil,h264,aac,1080x1920,30.00,yuv420p,High,48000 Hz,8.64 MB,17.67s,Ya,Ya,None
Kucing_HD_084.mp4,Berhasil,h264,aac,1080x1920,30.00,yuv420p,High,48000 Hz,6.78 MB,16.00s,Ya,Ya,None
Kucing_HD_085.mp4,Berhasil,h264,aac,1080x1920,30.00,yuv420p,High,48000 Hz,4.07 MB,7.97s,Ya,Ya,None
Kucing_HD_086.mp4,Berhasil,h264,aac,1080x1920,30.00,yuv420p,High,48000 Hz,2.98 MB,6.94s,Ya,Ya,None
Kucing_HD_087.mp4,Berhasil,h264,aac,1080x1920,30.00,yuv420p,High,48000 Hz,9.69 MB,7.27s,Ya,Ya,None
Kucing_HD_088.mp4,Berhasil,h264,aac,1080x1920,30.00,yuv420p,High,48000 Hz,3.15 MB,10.15s,Ya,Ya,None
Kucing_HD_089.mp4,Berhasil,h264,aac,1080x1920,30.00,yuv420p,High,48000 Hz,10.94 MB,14.47s,Ya,Ya,None
Kucing_HD_090.mp4,Berhasil,h264,aac,1080x1920,30.00,yuv420p,High,48000 Hz,4.74 MB,9.50s,Ya,Ya,None
Kucing_HD_091.mp4,Berhasil,h264,aac,1080x1920,30.00,yuv420p,High,48000 Hz,2.36 MB,6.01s,Ya,Ya,None
Kucing_HD_092.mp4,Berhasil,h264,aac,1080x1920,30.00,yuv420p,High,48000 Hz,8.55 MB,15.40s,Ya,Ya,None
Kucing_HD_093.mp4,Berhasil,h264,aac,1080x1920,30.00,yuv420p,High,48000 Hz,3.57 MB,5.88s,Ya,Ya,None
Kucing_HD_094.mp4,Berhasil,h264,aac,1080x1920,30.00,yuv420p,High,48000 Hz,12.81 MB,23.66s,Ya,Ya,None
Kucing_HD_095.mp4,Berhasil,h264,aac,1080x1920,30.00,yuv420p,High,48000 Hz,22.08 MB,19.34s,Ya,Ya,None
Kucing_HD_096.mp4,Berhasil,h264,aac,1080x1920,30.00,yuv420p,High,48000 Hz,12.39 MB,27.24s,Ya,Ya,None
Kucing_HD_097.mp4,Berhasil,h264,aac,1080x1920,30.00,yuv420p,High,48000 Hz,18.03 MB,10.01s,Ya,Ya,None
Kucing_HD_098.mp4,Berhasil,h264,aac,1080x1920,30.00,yuv420p,High,48000 Hz,25.82 MB,44.28s,Ya,Ya,None
Kucing_HD_099.mp4,Berhasil,h264,aac,1080x1920,30.00,yuv420p,High,48000 Hz,19.19 MB,28.31s,Ya,Ya,None
Kucing_HD_100.mp4,Berhasil,h264,aac,1080x1920,30.00,yuv420p,High,48000 Hz,7.41 MB,15.07s,Ya,Ya,None
Kucing_HD_101.mp4,Berhasil,h264,aac,1080x1920,30.00,yuv420p,High,48000 Hz,28.66 MB,25.47s,Ya,Ya,None
Kucing_HD_102.mp4,Berhasil,h264,aac,1080x1920,30.00,yuv420p,High,48000 Hz,2.98 MB,6.57s,Ya,Ya,None
Kucing_HD_103.mp4,Berhasil,h264,aac,1080x1920,30.00,yuv420p,High,48000 Hz,3.23 MB,8.20s,Ya,Ya,None
Kucing_HD_104.mp4,Berhasil,h264,aac,1080x1920,30.00,yuv420p,High,48000 Hz,8.99 MB,14.51s,Ya,Ya,None
Kucing_HD_105.mp4,Berhasil,h264,aac,1080x1920,30.00,yuv420p,High,48000 Hz,22.97 MB,28.45s,Ya,Ya,None
Kucing_HD_106.mp4,Berhasil,h264,aac,1080x1920,30.00,yuv420p,High,48000 Hz,3.04 MB,10.10s,Ya,Ya,None
Kucing_HD_107.mp4,Berhasil,h264,aac,1080x1920,30.00,yuv420p,High,48000 Hz,50.38 MB,60.02s,Ya,Ya,None
Kucing_HD_108.mp4,Berhasil,h264,aac,1080x1920,30.00,yuv420p,High,48000 Hz,8.86 MB,23.34s,Ya,Ya,None
Kucing_HD_109.mp4,Berhasil,h264,aac,1080x1920,30.00,yuv420p,High,48000 Hz,15.03 MB,19.44s,Ya,Ya,None
Kucing_HD_110.mp4,Berhasil,h264,aac,1080x1920,30.00,yuv420p,High,48000 Hz,13.17 MB,19.53s,Ya,Ya,None
Kucing_HD_111.mp4,Berhasil,h264,aac,1080x1920,30.00,yuv420p,High,48000 Hz,10.47 MB,10.10s,Ya,Ya,None
Kucing_HD_112.mp4,Berhasil,h264,aac,1080x1920,30.00,yuv420p,High,48000 Hz,4.03 MB,14.93s,Ya,Ya,None
Kucing_HD_113.mp4,Berhasil,h264,aac,1080x1920,30.00,yuv420p,High,48000 Hz,11.38 MB,22.92s,Ya,Ya,None
Kucing_HD_114.mp4,Berhasil,h264,aac,1080x1920,30.00,yuv420p,High,48000 Hz,1.77 MB,4.67s,Ya,Ya,None
Kucing_HD_115.mp4,Berhasil,h264,aac,1080x1920,30.00,yuv420p,High,48000 Hz,16.68 MB,19.71s,Ya,Ya,None
Kucing_HD_116.mp4,Berhasil,h264,aac,1080x1920,30.00,yuv420p,High,48000 Hz,6.25 MB,11.73s,Ya,Ya,None
Kucing_HD_117.mp4,Berhasil,h264,aac,1080x1920,30.00,yuv420p,High,48000 Hz,13.95 MB,38.57s,Ya,Ya,None
Kucing_HD_118.mp4,Berhasil,h264,aac,1080x1920,30.00,yuv420p,High,48000 Hz,1.24 MB,13.26s,Ya,Ya,None
Kucing_HD_119.mp4,Berhasil,h264,aac,1080x1920,30.00,yuv420p,High,48000 Hz,10.28 MB,18.09s,Ya,Ya,None
Kucing_HD_120.mp4,Berhasil,h264,aac,1080x1920,30.00,yuv420p,High,48000 Hz,4.08 MB,9.68s,Ya,Ya,None
Kucing_HD_121.mp4,Berhasil,h264,aac,1080x1920,30.00,yuv420p,High,48000 Hz,7.86 MB,22.87s,Ya,Ya,None
Kucing_HD_122.mp4,Berhasil,h264,aac,1080x1920,30.00,yuv420p,High,48000 Hz,6.17 MB,12.42s,Ya,Ya,None
Kucing_HD_123.mp4,Berhasil,h264,aac,1080x1920,30.00,yuv420p,High,48000 Hz,58.55 MB,30.30s,Ya,Ya,None
Kucing_HD_124.mp4,Berhasil,h264,aac,1080x1920,30.00,yuv420p,High,48000 Hz,2.50 MB,6.20s,Ya,Ya,None
Kucing_HD_125.mp4,Berhasil,h264,aac,1080x1920,30.00,yuv420p,High,48000 Hz,4.71 MB,23.75s,Ya,Ya,None
Kucing_HD_126.mp4,Berhasil,h264,aac,1080x1920,30.00,yuv420p,High,48000 Hz,5.36 MB,17.86s,Ya,Ya,None
Kucing_HD_127.mp4,Berhasil,h264,aac,1080x1920,30.00,yuv420p,High,48000 Hz,8.41 MB,12.14s,Ya,Ya,None
Kucing_HD_128.mp4,Berhasil,h264,aac,1080x1920,30.00,yuv420p,High,48000 Hz,2.54 MB,6.34s,Ya,Ya,None
Kucing_HD_129.mp4,Berhasil,h264,aac,1080x1920,30.00,yuv420p,High,48000 Hz,12.85 MB,28.17s,Ya,Ya,None
Kucing_HD_130.mp4,Berhasil,h264,aac,1080x1920,30.00,yuv420p,High,48000 Hz,5.15 MB,17.86s,Ya,Ya,None
Kucing_HD_131.mp4,Berhasil,h264,aac,1080x1920,30.00,yuv420p,High,48000 Hz,25.59 MB,20.41s,Ya,Ya,None
Kucing_HD_132.mp4,Berhasil,h264,aac,1080x1920,30.00,yuv420p,High,48000 Hz,5.36 MB,13.21s,Ya,Ya,None
Kucing_HD_133.mp4,Berhasil,h264,aac,1080x1920,30.00,yuv420p,High,48000 Hz,8.05 MB,12.89s,Ya,Ya,None
Kucing_HD_134.mp4,Berhasil,h264,aac,1080x1920,30.00,yuv420p,High,48000 Hz,2.26 MB,5.27s,Ya,Ya,None
Kucing_HD_135.mp4,Berhasil,h264,aac,1080x1920,30.00,yuv420p,High,48000 Hz,5.70 MB,14.84s,Ya,Ya,None
Kucing_HD_136.mp4,Berhasil,h264,aac,1080x1920,30.00,yuv420p,High,48000 Hz,3.09 MB,6.48s,Ya,Ya,None
Kucing_HD_137.mp4,Berhasil,h264,aac,1080x1920,30.00,yuv420p,High,48000 Hz,3.15 MB,6.90s,Ya,Ya,None
Kucing_HD_138.mp4,Berhasil,h264,aac,1080x1920,30.00,yuv420p,High,48000 Hz,5.92 MB,10.94s,Ya,Ya,None
Kucing_HD_139.mp4,Berhasil,h264,aac,1080x1920,30.00,yuv420p,High,48000 Hz,9.58 MB,22.04s,Ya,Ya,None
Kucing_HD_140.mp4,Berhasil,h264,aac,1080x1920,30.00,yuv420p,High,48000 Hz,4.61 MB,17.16s,Ya,Ya,None
Kucing_HD_141.mp4,Berhasil,h264,aac,1080x1920,30.00,yuv420p,High,48000 Hz,25.41 MB,27.14s,Ya,Ya,None
Kucing_HD_142.mp4,Berhasil,h264,aac,1080x1920,30.00,yuv420p,High,48000 Hz,2.22 MB,9.73s,Ya,Ya,None
Kucing_HD_143.mp4,Berhasil,h264,aac,1080x1920,30.00,yuv420p,High,48000 Hz,18.16 MB,20.60s,Ya,Ya,None
Kucing_HD_144.mp4,Berhasil,h264,aac,1080x1920,30.00,yuv420p,High,48000 Hz,3.40 MB,7.27s,Ya,Ya,None
Kucing_HD_145.mp4,Berhasil,h264,aac,1080x1920,30.00,yuv420p,High,48000 Hz,9.45 MB,18.55s,Ya,Ya,None
Kucing_HD_146.mp4,Berhasil,h264,aac,1080x1920,30.00,yuv420p,High,48000 Hz,2.57 MB,4.07s,Ya,Ya,None
Kucing_HD_147.mp4,Berhasil,h264,aac,1080x1920,30.00,yuv420p,High,48000 Hz,14.84 MB,20.36s,Ya,Ya,None
Kucing_HD_148.mp4,Berhasil,h264,aac,1080x1920,30.00,yuv420p,High,48000 Hz,6.01 MB,12.19s,Ya,Ya,None
Kucing_HD_149.mp4,Berhasil,h264,aac,1080x1920,30.00,yuv420p,High,48000 Hz,5.11 MB,11.68s,Ya,Ya,None
Kucing_HD_150.mp4,Berhasil,h264,aac,1080x1920,30.00,yuv420p,High,48000 Hz,2.73 MB,10.89s,Ya,Ya,None
Kucing_HD_151.mp4,Berhasil,h264,aac,1080x1920,30.00,yuv420p,High,48000 Hz,9.40 MB,18.04s,Ya,Ya,None
Kucing_HD_152.mp4,Berhasil,h264,aac,1080x1920,30.00,yuv420p,High,48000 Hz,1.62 MB,5.74s,Ya,Ya,None
Kucing_HD_153.mp4,Berhasil,h264,aac,1080x1920,30.00,yuv420p,High,48000 Hz,10.80 MB,22.04s,Ya,Ya,None
Kucing_HD_154.mp4,Berhasil,h264,aac,1080x1920,30.00,yuv420p,High,48000 Hz,5.06 MB,16.19s,Ya,Ya,None
Kucing_HD_155.mp4,Berhasil,h264,aac,1080x1920,30.00,yuv420p,High,48000 Hz,2.33 MB,6.34s,Ya,Ya,None
Kucing_HD_156.mp4,Berhasil,h264,aac,1080x1920,30.00,yuv420p,High,48000 Hz,2.44 MB,5.23s,Ya,Ya,None
Kucing_HD_157.mp4,Berhasil,h264,aac,1080x1920,30.00,yuv420p,High,48000 Hz,39.00 MB,44.19s,Ya,Ya,None
Kucing_HD_158.mp4,Berhasil,h264,aac,1080x1920,30.00,yuv420p,High,48000 Hz,12.52 MB,29.56s,Ya,Ya,None
Kucing_HD_159.mp4,Berhasil,h264,aac,1080x1920,30.00,yuv420p,High,48000 Hz,3.78 MB,11.31s,Ya,Ya,None
Kucing_HD_160.mp4,Berhasil,h264,aac,1080x1920,30.00,yuv420p,High,48000 Hz,7.63 MB,17.07s,Ya,Ya,None
Kucing_HD_161.mp4,Berhasil,h264,aac,1080x1920,30.00,yuv420p,High,48000 Hz,6.24 MB,14.05s,Ya,Ya,None
Kucing_HD_162.mp4,Berhasil,h264,aac,1080x1920,30.00,yuv420p,High,48000 Hz,3.44 MB,7.08s,Ya,Ya,None
Kucing_HD_163.mp4,Berhasil,h264,aac,1080x1920,30.00,yuv420p,High,48000 Hz,89.37 MB,50.51s,Ya,Ya,None
Kucing_HD_164.mp4,Berhasil,h264,aac,1080x1920,30.00,yuv420p,High,48000 Hz,8.69 MB,17.86s,Ya,Ya,None
Kucing_HD_165.mp4,Berhasil,h264,aac,1080x1920,30.00,yuv420p,High,48000 Hz,10.40 MB,20.13s,Ya,Ya,None
Kucing_HD_166.mp4,Berhasil,h264,aac,1080x1920,30.00,yuv420p,High,48000 Hz,3.36 MB,13.54s,Ya,Ya,None
Kucing_HD_167.mp4,Berhasil,h264,aac,1080x1920,30.00,yuv420p,High,48000 Hz,27.63 MB,79.25s,Ya,Ya,None
Kucing_HD_168.mp4,Berhasil,h264,aac,1080x1920,30.00,yuv420p,High,48000 Hz,5.58 MB,9.78s,Ya,Ya,None
Kucing_HD_169.mp4,Berhasil,h264,aac,1080x1920,30.00,yuv420p,High,48000 Hz,5.39 MB,12.47s,Ya,Ya,None
Kucing_HD_170.mp4,Berhasil,h264,aac,1080x1920,30.00,yuv420p,High,48000 Hz,8.05 MB,14.33s,Ya,Ya,None
Kucing_HD_171.mp4,Berhasil,h264,aac,1080x1920,30.00,yuv420p,High,48000 Hz,3.55 MB,10.10s,Ya,Ya,None
Kucing_HD_172.mp4,Berhasil,h264,aac,1080x1920,30.00,yuv420p,High,48000 Hz,5.00 MB,11.82s,Ya,Ya,None
Kucing_HD_173.mp4,Berhasil,h264,aac,1080x1920,30.00,yuv420p,High,48000 Hz,13.96 MB,15.81s,Ya,Ya,None
Kucing_HD_174.mp4,Berhasil,h264,aac,1080x1920,30.00,yuv420p,High,48000 Hz,5.68 MB,10.98s,Ya,Ya,None
Kucing_HD_175.mp4,Berhasil,h264,aac,1080x1920,30.00,yuv420p,High,48000 Hz,5.02 MB,10.66s,Ya,Ya,None
Kucing_HD_176.mp4,Berhasil,h264,aac,1080x1920,30.00,yuv420p,High,48000 Hz,2.76 MB,11.12s,Ya,Ya,None
Kucing_HD_177.mp4,Berhasil,h264,aac,1080x1920,30.00,yuv420p,High,48000 Hz,5.80 MB,9.31s,Ya,Ya,None
Kucing_HD_178.mp4,Berhasil,h264,aac,1080x1920,30.00,yuv420p,High,48000 Hz,1.83 MB,13.07s,Ya,Ya,None
Kucing_HD_179.mp4,Berhasil,h264,aac,1080x1920,30.00,yuv420p,High,48000 Hz,23.92 MB,14.14s,Ya,Ya,None
Kucing_HD_180.mp4,Berhasil,h264,aac,1080x1920,30.00,yuv420p,High,48000 Hz,0.46 MB,6.80s,Ya,Ya,None
Kucing_HD_181.mp4,Berhasil,h264,aac,1080x1920,30.00,yuv420p,High,48000 Hz,2.27 MB,7.08s,Ya,Ya,None
Kucing_HD_182.mp4,Berhasil,h264,aac,1080x1920,30.00,yuv420p,High,48000 Hz,3.91 MB,10.10s,Ya,Ya,None
Kucing_HD_183.mp4,Berhasil,h264,aac,1080x1920,30.00,yuv420p,High,48000 Hz,10.02 MB,20.09s,Ya,Ya,None
Kucing_HD_184.mp4,Berhasil,h264,aac,1080x1920,30.00,yuv420p,High,48000 Hz,6.59 MB,17.30s,Ya,Ya,None
Kucing_HD_185.mp4,Berhasil,h264,aac,1080x1920,30.00,yuv420p,High,48000 Hz,10.65 MB,18.09s,Ya,Ya,None
Kucing_HD_186.mp4,Berhasil,h264,aac,1080x1920,30.00,yuv420p,High,48000 Hz,9.99 MB,18.83s,Ya,Ya,None
Kucing_HD_187.mp4,Berhasil,h264,aac,1080x1920,30.00,yuv420p,High,48000 Hz,13.66 MB,25.38s,Ya,Ya,None
Kucing_HD_188.mp4,Berhasil,h264,aac,1080x1920,30.00,yuv420p,High,48000 Hz,7.61 MB,34.72s,Ya,Ya,None
Kucing_HD_189.mp4,Berhasil,h264,aac,1080x1920,30.00,yuv420p,High,48000 Hz,20.26 MB,21.02s,Ya,Ya,None
Kucing_HD_190.mp4,Berhasil,h264,aac,1080x1920,30.00,yuv420p,High,48000 Hz,4.22 MB,13.17s,Ya,Ya,None
Kucing_HD_191.mp4,Berhasil,h264,aac,1080x1920,30.00,yuv420p,High,48000 Hz,32.93 MB,60.07s,Ya,Ya,None
Kucing_HD_192.mp4,Berhasil,h264,aac,1080x1920,30.00,yuv420p,High,48000 Hz,9.96 MB,20.97s,Ya,Ya,None
Kucing_HD_193.mp4,Berhasil,h264,aac,1080x1920,30.00,yuv420p,High,48000 Hz,4.22 MB,8.11s,Ya,Ya,None
Kucing_HD_194.mp4,Berhasil,h264,aac,1080x1920,30.00,yuv420p,High,48000 Hz,10.71 MB,22.97s,Ya,Ya,None
Kucing_HD_195.mp4,Berhasil,h264,aac,1080x1920,30.00,yuv420p,High,48000 Hz,6.59 MB,12.10s,Ya,Ya,None
Kucing_HD_196.mp4,Berhasil,h264,aac,1080x1920,30.00,yuv420p,High,48000 Hz,6.30 MB,9.54s,Ya,Ya,None
Kucing_HD_197.mp4,Berhasil,h264,aac,1080x1920,30.00,yuv420p,High,48000 Hz,3.73 MB,10.61s,Ya,Ya,None
Kucing_HD_198.mp4,Berhasil,h264,aac,1080x1920,30.00,yuv420p,High,48000 Hz,11.29 MB,23.06s,Ya,Ya,None
Kucing_HD_199.mp4,Berhasil,h264,aac,1080x1920,30.00,yuv420p,High,48000 Hz,2.16 MB,5.32s,Ya,Ya,None
Kucing_HD_200.mp4,Berhasil,h264,aac,1080x1920,30.00,yuv420p,High,48000 Hz,6.74 MB,24.45s,Ya,Ya,None
Kucing_HD_201.mp4,Berhasil,h264,aac,1080x1920,30.00,yuv420p,High,48000 Hz,6.99 MB,13.63s,Ya,Ya,None
Kucing_HD_202.mp4,Berhasil,h264,aac,1080x1920,30.00,yuv420p,High,48000 Hz,1.97 MB,7.97s,Ya,Ya,None
Kucing_HD_203.mp4,Berhasil,h264,aac,1080x1920,30.00,yuv420p,High,48000 Hz,9.44 MB,11.31s,Ya,Ya,None
Kucing_HD_204.mp4,Berhasil,h264,aac,1080x1920,30.00,yuv420p,High,48000 Hz,4.34 MB,19.25s,Ya,Ya,None
Kucing_HD_205.mp4,Berhasil,h264,aac,1080x1920,30.00,yuv420p,High,48000 Hz,15.05 MB,27.14s,Ya,Ya,None
Kucing_HD_206.mp4,Berhasil,h264,aac,1080x1920,30.00,yuv420p,High,48000 Hz,2.87 MB,15.58s,Ya,Ya,None
Kucing_HD_207.mp4,Berhasil,h264,aac,1080x1920,30.00,yuv420p,High,48000 Hz,5.98 MB,9.22s,Ya,Ya,None
Kucing_HD_208.mp4,Berhasil,h264,aac,1080x1920,30.00,yuv420p,High,48000 Hz,4.95 MB,9.50s,Ya,Ya,None
Kucing_HD_209.mp4,Berhasil,h264,aac,1080x1920,30.00,yuv420p,High,48000 Hz,11.08 MB,15.12s,Ya,Ya,None
Kucing_HD_210.mp4,Berhasil,h264,aac,1080x1920,30.00,yuv420p,High,48000 Hz,0.90 MB,8.85s,Ya,Ya,None
Kucing_HD_211.mp4,Berhasil,h264,aac,1080x1920,30.00,yuv420p,High,48000 Hz,4.91 MB,11.96s,Ya,Ya,None
Kucing_HD_212.mp4,Berhasil,h264,aac,1080x1920,30.00,yuv420p,High,48000 Hz,3.02 MB,6.11s,Ya,Ya,None
Kucing_HD_213.mp4,Berhasil,h264,aac,1080x1920,30.00,yuv420p,High,48000 Hz,21.53 MB,28.31s,Ya,Ya,None
Kucing_HD_214.mp4,Berhasil,h264,aac,1080x1920,30.00,yuv420p,High,48000 Hz,5.14 MB,7.64s,Ya,Ya,None
Kucing_HD_215.mp4,Berhasil,h264,aac,1080x1920,30.00,yuv420p,High,48000 Hz,61.11 MB,81.71s,Ya,Ya,None
Kucing_HD_216.mp4,Berhasil,h264,aac,1080x1920,30.00,yuv420p,High,48000 Hz,2.43 MB,6.01s,Ya,Ya,None
Kucing_HD_217.mp4,Berhasil,h264,aac,1080x1920,30.00,yuv420p,High,48000 Hz,59.64 MB,86.68s,Ya,Ya,None
Kucing_HD_218.mp4,Berhasil,h264,aac,1080x1920,30.00,yuv420p,High,48000 Hz,8.75 MB,6.85s,Ya,Ya,None
Kucing_HD_219.mp4,Berhasil,h264,aac,1080x1920,30.00,yuv420p,High,48000 Hz,4.69 MB,8.99s,Ya,Ya,None
Kucing_HD_220.mp4,Berhasil,h264,aac,1080x1920,30.00,yuv420p,High,48000 Hz,6.84 MB,9.03s,Ya,Ya,None
Kucing_HD_221.mp4,Berhasil,h264,aac,1080x1920,30.00,yuv420p,High,48000 Hz,11.28 MB,21.76s,Ya,Ya,None
Kucing_HD_222.mp4,Berhasil,h264,aac,1080x1920,30.00,yuv420p,High,48000 Hz,3.90 MB,13.21s,Ya,Ya,None
Kucing_HD_223.mp4,Berhasil,h264,aac,1080x1920,30.00,yuv420p,High,48000 Hz,4.88 MB,9.64s,Ya,Ya,None
Kucing_HD_224.mp4,Berhasil,h264,aac,1080x1920,30.00,yuv420p,High,48000 Hz,2.40 MB,4.62s,Ya,Ya,None
Kucing_HD_225.mp4,Berhasil,h264,aac,1080x1920,30.00,yuv420p,High,48000 Hz,15.10 MB,15.21s,Ya,Ya,None
Kucing_HD_226.mp4,Berhasil,h264,aac,1080x1920,30.00,yuv420p,High,48000 Hz,2.86 MB,10.71s,Ya,Ya,None
Kucing_HD_227.mp4,Berhasil,h264,aac,1080x1920,30.00,yuv420p,High,48000 Hz,24.26 MB,25.10s,Ya,Ya,None
Kucing_HD_228.mp4,Berhasil,h264,aac,1080x1920,30.00,yuv420p,High,48000 Hz,4.45 MB,7.27s,Ya,Ya,None
Kucing_HD_229.mp4,Berhasil,h264,aac,1080x1920,30.00,yuv420p,High,48000 Hz,7.63 MB,14.19s,Ya,Ya,None
Kucing_HD_230.mp4,Berhasil,h264,aac,1080x1920,30.00,yuv420p,High,48000 Hz,4.95 MB,9.64s,Ya,Ya,None
Kucing_HD_231.mp4,Berhasil,h264,aac,1080x1920,30.00,yuv420p,High,48000 Hz,8.34 MB,15.44s,Ya,Ya,None
Kucing_HD_232.mp4,Berhasil,h264,aac,1080x1920,30.00,yuv420p,High,48000 Hz,3.07 MB,6.34s,Ya,Ya,None
Kucing_HD_233.mp4,Berhasil,h264,aac,1080x1920,30.00,yuv420p,High,48000 Hz,46.90 MB,83.38s,Ya,Ya,None
Kucing_HD_234.mp4,Berhasil,h264,aac,1080x1920,30.00,yuv420p,High,48000 Hz,4.41 MB,11.03s,Ya,Ya,None
Kucing_HD_235.mp4,Berhasil,h264,aac,1080x1920,30.00,yuv420p,High,48000 Hz,12.90 MB,19.44s,Ya,Ya,None
Kucing_HD_236.mp4,Berhasil,h264,aac,1080x1920,30.00,yuv420p,High,48000 Hz,10.26 MB,20.32s,Ya,Ya,None
Kucing_HD_237.mp4,Berhasil,h264,aac,1080x1920,30.00,yuv420p,High,48000 Hz,27.64 MB,32.21s,Ya,Ya,None
Kucing_HD_238.mp4,Berhasil,h264,aac,1080x1920,30.00,yuv420p,High,48000 Hz,2.37 MB,6.71s,Ya,Ya,None
Kucing_HD_239.mp4,Berhasil,h264,aac,1080x1920,30.00,yuv420p,High,48000 Hz,2.22 MB,17.16s,Ya,Ya,None
Kucing_HD_240.mp4,Berhasil,h264,aac,1080x1920,30.00,yuv420p,High,48000 Hz,3.94 MB,21.66s,Ya,Ya,None
Kucing_HD_241.mp4,Berhasil,h264,aac,1080x1920,30.00,yuv420p,High,48000 Hz,15.58 MB,10.85s,Ya,Ya,None
Kucing_HD_242.mp4,Berhasil,h264,aac,1080x1920,30.00,yuv420p,High,48000 Hz,1.85 MB,6.11s,Ya,Ya,None
Kucing_HD_243.mp4,Berhasil,h264,aac,1080x1920,30.00,yuv420p,High,48000 Hz,37.26 MB,57.19s,Ya,Ya,None
Kucing_HD_244.mp4,Berhasil,h264,aac,1080x1920,30.00,yuv420p,High,48000 Hz,8.70 MB,17.35s,Ya,Ya,None
Kucing_HD_245.mp4,Berhasil,h264,aac,1080x1920,30.00,yuv420p,High,48000 Hz,3.92 MB,8.34s,Ya,Ya,None
Kucing_HD_246.mp4,Berhasil,h264,aac,1080x1920,30.00,yuv420p,High,48000 Hz,3.86 MB,9.59s,Ya,Ya,None
Kucing_HD_247.mp4,Berhasil,h264,aac,1080x1920,30.00,yuv420p,High,48000 Hz,19.69 MB,24.45s,Ya,Ya,None
Kucing_HD_248.mp4,Berhasil,h264,aac,1080x1920,30.00,yuv420p,High,48000 Hz,8.40 MB,18.83s,Ya,Ya,None
Kucing_HD_249.mp4,Berhasil,h264,aac,1080x1920,30.00,yuv420p,High,48000 Hz,14.45 MB,21.80s,Ya,Ya,None
Kucing_HD_250.mp4,Berhasil,h264,aac,1080x1920,30.00,yuv420p,High,48000 Hz,2.90 MB,6.29s,Ya,Ya,None
Kucing_HD_251.mp4,Berhasil,h264,aac,1080x1920,30.00,yuv420p,High,48000 Hz,12.89 MB,37.92s,Ya,Ya,None
Kucing_HD_252.mp4,Berhasil,h264,aac,1080x1920,30.00,yuv420p,High,48000 Hz,5.98 MB,16.09s,Ya,Ya,None
Kucing_HD_253.mp4,Berhasil,h264,aac,1080x1920,30.00,yuv420p,High,48000 Hz,0.81 MB,7.97s,Ya,Ya,None
Kucing_HD_254.mp4,Berhasil,h264,aac,1080x1920,30.00,yuv420p,High,48000 Hz,5.26 MB,13.40s,Ya,Ya,None
Kucing_HD_255.mp4,Berhasil,h264,aac,1080x1920,30.00,yuv420p,High,48000 Hz,3.09 MB,4.67s,Ya,Ya,None
Kucing_HD_256.mp4,Berhasil,h264,aac,1080x1920,30.00,yuv420p,High,48000 Hz,3.64 MB,15.72s,Ya,Ya,None
Kucing_HD_257.mp4,Berhasil,h264,aac,1080x1920,30.00,yuv420p,High,48000 Hz,5.13 MB,10.43s,Ya,Ya,None
Kucing_HD_258.mp4,Berhasil,h264,aac,1080x1920,30.00,yuv420p,High,48000 Hz,1.41 MB,11.91s,Ya,Ya,None
Kucing_HD_259.mp4,Berhasil,h264,aac,1080x1920,30.00,yuv420p,High,48000 Hz,3.82 MB,14.84s,Ya,Ya,None
Kucing_HD_260.mp4,Berhasil,h264,aac,1080x1920,30.00,yuv420p,High,48000 Hz,2.92 MB,6.29s,Ya,Ya,None
Kucing_HD_261.mp4,Berhasil,h264,aac,1080x1920,30.00,yuv420p,High,48000 Hz,2.59 MB,4.67s,Ya,Ya,None
Kucing_HD_262.mp4,Berhasil,h264,aac,1080x1920,30.00,yuv420p,High,48000 Hz,2.14 MB,9.50s,Ya,Ya,None
Kucing_HD_263.mp4,Berhasil,h264,aac,1080x1920,30.00,yuv420p,High,48000 Hz,31.63 MB,36.94s,Ya,Ya,None
Kucing_HD_264.mp4,Berhasil,h264,aac,1080x1920,30.00,yuv420p,High,48000 Hz,3.76 MB,8.38s,Ya,Ya,None
Kucing_HD_265.mp4,Berhasil,h264,aac,1080x1920,30.00,yuv420p,High,48000 Hz,4.34 MB,11.68s,Ya,Ya,None
Kucing_HD_266.mp4,Berhasil,h264,aac,1080x1920,30.00,yuv420p,High,48000 Hz,6.20 MB,15.12s,Ya,Ya,None
Kucing_HD_267.mp4,Berhasil,h264,aac,1080x1920,30.00,yuv420p,High,48000 Hz,6.22 MB,12.98s,Ya,Ya,None
Kucing_HD_268.mp4,Berhasil,h264,aac,1080x1920,30.00,yuv420p,High,48000 Hz,2.85 MB,6.85s,Ya,Ya,None
Kucing_HD_269.mp4,Berhasil,h264,aac,1080x1920,30.00,yuv420p,High,48000 Hz,8.43 MB,22.18s,Ya,Ya,None
Kucing_HD_270.mp4,Berhasil,h264,aac,1080x1920,30.00,yuv420p,High,48000 Hz,2.99 MB,8.34s,Ya,Ya,None
Kucing_HD_271.mp4,Berhasil,h264,aac,1080x1920,30.00,yuv420p,High,48000 Hz,3.52 MB,14.75s,Ya,Ya,None
Kucing_HD_272.mp4,Berhasil,h264,aac,1080x1920,30.00,yuv420p,High,48000 Hz,1.85 MB,9.03s,Ya,Ya,None
Kucing_HD_273.mp4,Berhasil,h264,aac,1080x1920,30.00,yuv420p,High,48000 Hz,8.46 MB,18.37s,Ya,Ya,None
Kucing_HD_274.mp4,Berhasil,h264,aac,1080x1920,30.00,yuv420p,High,48000 Hz,14.34 MB,15.68s,Ya,Ya,None
Kucing_HD_275.mp4,Berhasil,h264,aac,1080x1920,30.00,yuv420p,High,48000 Hz,2.90 MB,7.22s,Ya,Ya,None
Kucing_HD_276.mp4,Berhasil,h264,aac,1080x1920,30.00,yuv420p,High,48000 Hz,6.08 MB,14.47s,Ya,Ya,None
Kucing_HD_277.mp4,Berhasil,h264,aac,1080x1920,30.00,yuv420p,High,48000 Hz,8.61 MB,13.72s,Ya,Ya,None
Kucing_HD_278.mp4,Berhasil,h264,aac,1080x1920,30.00,yuv420p,High,48000 Hz,7.55 MB,19.71s,Ya,Ya,None
Kucing_HD_279.mp4,Berhasil,h264,aac,1080x1920,30.00,yuv420p,High,48000 Hz,7.86 MB,10.85s,Ya,Ya,None
Kucing_HD_280.mp4,Berhasil,h264,aac,1080x1920,30.00,yuv420p,High,48000 Hz,2.39 MB,25.10s,Ya,Ya,None
Kucing_HD_281.mp4,Berhasil,h264,aac,1080x1920,30.00,yuv420p,High,48000 Hz,14.97 MB,21.85s,Ya,Ya,None
Kucing_HD_282.mp4,Berhasil,h264,aac,1080x1920,30.00,yuv420p,High,48000 Hz,10.85 MB,20.97s,Ya,Ya,None
Kucing_HD_283.mp4,Berhasil,h264,aac,1080x1920,30.00,yuv420p,High,48000 Hz,19.79 MB,35.18s,Ya,Ya,None
Kucing_HD_284.mp4,Berhasil,h264,aac,1080x1920,30.00,yuv420p,High,48000 Hz,5.05 MB,14.79s,Ya,Ya,None
Kucing_HD_285.mp4,Berhasil,h264,aac,1080x1920,30.00,yuv420p,High,48000 Hz,7.24 MB,16.56s,Ya,Ya,None
Kucing_HD_286.mp4,Berhasil,h264,aac,1080x1920,30.00,yuv420p,High,48000 Hz,3.47 MB,6.99s,Ya,Ya,None
Kucing_HD_287.mp4,Berhasil,h264,aac,1080x1920,30.00,yuv420p,High,48000 Hz,6.86 MB,11.40s,Ya,Ya,None
Kucing_HD_288.mp4,Berhasil,h264,aac,1080x1920,30.00,yuv420p,High,48000 Hz,2.07 MB,4.58s,Ya,Ya,None
Kucing_HD_289.mp4,Berhasil,h264,aac,1080x1920,30.00,yuv420p,High,48000 Hz,8.73 MB,17.44s,Ya,Ya,None
Kucing_HD_290.mp4,Berhasil,h264,aac,1080x1920,30.00,yuv420p,High,48000 Hz,3.04 MB,6.57s,Ya,Ya,None
Kucing_HD_291.mp4,Berhasil,h264,aac,1080x1920,30.00,yuv420p,High,48000 Hz,7.89 MB,18.14s,Ya,Ya,None
Kucing_HD_292.mp4,Berhasil,h264,aac,1080x1920,30.00,yuv420p,High,48000 Hz,3.02 MB,5.09s,Ya,Ya,None
Kucing_HD_293.mp4,Berhasil,h264,aac,1080x1920,30.00,yuv420p,High,48000 Hz,9.54 MB,22.78s,Ya,Ya,None
Kucing_HD_294.mp4,Berhasil,h264,aac,1080x1920,30.00,yuv420p,High,48000 Hz,2.55 MB,7.32s,Ya,Ya,None
Kucing_HD_295.mp4,Berhasil,h264,aac,1080x1920,30.00,yuv420p,High,48000 Hz,14.95 MB,28.07s,Ya,Ya,None
Kucing_HD_296.mp4,Berhasil,h264,aac,1080x1920,30.00,yuv420p,High,48000 Hz,2.84 MB,26.68s,Ya,Ya,None
Kucing_HD_297.mp4,Berhasil,h264,aac,1080x1920,30.00,yuv420p,High,48000 Hz,1.88 MB,4.58s,Ya,Ya,None
Kucing_HD_298.mp4,Berhasil,h264,aac,1080x1920,30.00,yuv420p,High,48000 Hz,0.90 MB,7.83s,Ya,Ya,None
Kucing_HD_299.mp4,Berhasil,h264,aac,1080x1920,30.00,yuv420p,High,48000 Hz,7.95 MB,18.27s,Ya,Ya,None
Kucing_HD_300.mp4,Berhasil,h264,aac,1080x1920,30.00,yuv420p,High,48000 Hz,2.42 MB,15.35s,Ya,Ya,None
Kucing_HD_301.mp4,Berhasil,h264,aac,1080x1920,30.00,yuv420p,High,48000 Hz,3.58 MB,15.16s,Ya,Ya,None
Kucing_HD_302.mp4,Berhasil,h264,aac,1080x1920,30.00,yuv420p,High,48000 Hz,9.43 MB,14.51s,Ya,Ya,None
Kucing_HD_303.mp4,Berhasil,h264,aac,1080x1920,30.00,yuv420p,High,48000 Hz,7.29 MB,16.60s,Ya,Ya,None
Kucing_HD_304.mp4,Berhasil,h264,aac,1080x1920,30.00,yuv420p,High,48000 Hz,11.60 MB,18.93s,Ya,Ya,None
Kucing_HD_305.mp4,Berhasil,h264,aac,1080x1920,30.00,yuv420p,High,48000 Hz,5.61 MB,10.15s,Ya,Ya,None
Kucing_HD_306.mp4,Berhasil,h264,aac,1080x1920,30.00,yuv420p,High,48000 Hz,11.99 MB,22.13s,Ya,Ya,None
Kucing_HD_307.mp4,Berhasil,h264,aac,1080x1920,30.00,yuv420p,High,48000 Hz,24.76 MB,17.02s,Ya,Ya,None
Kucing_HD_308.mp4,Berhasil,h264,aac,1080x1920,30.00,yuv420p,High,48000 Hz,1.98 MB,6.01s,Ya,Ya,None
Kucing_HD_309.mp4,Berhasil,h264,aac,1080x1920,30.00,yuv420p,High,48000 Hz,6.48 MB,15.07s,Ya,Ya,None
Kucing_HD_310.mp4,Berhasil,h264,aac,1080x1920,30.00,yuv420p,High,48000 Hz,7.72 MB,14.65s,Ya,Ya,None
Kucing_HD_311.mp4,Berhasil,h264,aac,1080x1920,30.00,yuv420p,High,48000 Hz,20.28 MB,11.31s,Ya,Ya,None
Kucing_HD_312.mp4,Berhasil,h264,aac,1080x1920,30.00,yuv420p,High,48000 Hz,2.06 MB,7.73s,Ya,Ya,None
Kucing_HD_313.mp4,Berhasil,h264,aac,1080x1920,30.00,yuv420p,High,48000 Hz,52.77 MB,83.38s,Ya,Ya,None
Kucing_HD_314.mp4,Berhasil,h264,aac,1080x1920,30.00,yuv420p,High,48000 Hz,3.97 MB,7.18s,Ya,Ya,None
Kucing_HD_315.mp4,Berhasil,h264,aac,1080x1920,30.00,yuv420p,High,48000 Hz,9.57 MB,15.86s,Ya,Ya,None
Kucing_HD_316.mp4,Berhasil,h264,aac,1080x1920,30.00,yuv420p,High,48000 Hz,2.87 MB,5.92s,Ya,Ya,None
Kucing_HD_317.mp4,Berhasil,h264,aac,1080x1920,30.00,yuv420p,High,48000 Hz,20.99 MB,33.41s,Ya,Ya,None
Kucing_HD_318.mp4,Berhasil,h264,aac,1080x1920,30.00,yuv420p,High,48000 Hz,10.57 MB,15.03s,Ya,Ya,None
Kucing_HD_319.mp4,Berhasil,h264,aac,1080x1920,30.00,yuv420p,High,48000 Hz,3.51 MB,5.88s,Ya,Ya,None
Kucing_HD_320.mp4,Berhasil,h264,aac,1080x1920,30.00,yuv420p,High,48000 Hz,0.98 MB,5.09s,Ya,Ya,None
Kucing_HD_321.mp4,Berhasil,h264,aac,1080x1920,30.00,yuv420p,High,48000 Hz,32.36 MB,31.70s,Ya,Ya,None
Kucing_HD_322.mp4,Gagal Validasi,h264,aac,1080x1920,30.00,yuvj420p,High,48000 Hz,9.44 MB,12.61s,Ya,Tidak,Invalid pixel format: yuvj420p
Kucing_HD_323.mp4,Berhasil,h264,aac,1080x1920,30.00,yuv420p,High,48000 Hz,5.90 MB,12.42s,Ya,Ya,None
Kucing_HD_324.mp4,Berhasil,h264,aac,1080x1920,30.00,yuv420p,High,48000 Hz,3.30 MB,7.04s,Ya,Ya,None
Kucing_HD_325.mp4,Berhasil,h264,aac,1080x1920,30.00,yuv420p,High,48000 Hz,16.96 MB,42.01s,Ya,Ya,None
Kucing_HD_326.mp4,Berhasil,h264,aac,1080x1920,30.00,yuv420p,High,48000 Hz,2.56 MB,8.57s,Ya,Ya,None
Kucing_HD_327.mp4,Berhasil,h264,aac,1080x1920,30.00,yuv420p,High,48000 Hz,10.93 MB,30.63s,Ya,Ya,None
Kucing_HD_328.mp4,Berhasil,h264,aac,1080x1920,30.00,yuv420p,High,48000 Hz,1.16 MB,8.94s,Ya,Ya,None
Kucing_HD_329.mp4,Berhasil,h264,aac,1080x1920,30.00,yuv420p,High,48000 Hz,5.46 MB,8.29s,Ya,Ya,None
Kucing_HD_330.mp4,Berhasil,h264,aac,1080x1920,30.00,yuv420p,High,48000 Hz,9.61 MB,9.31s,Ya,Ya,None
Kucing_HD_331.mp4,Berhasil,h264,aac,1080x1920,30.00,yuv420p,High,48000 Hz,7.98 MB,14.42s,Ya,Ya,None
Kucing_HD_332.mp4,Berhasil,h264,aac,1080x1920,30.00,yuv420p,High,48000 Hz,3.86 MB,8.57s,Ya,Ya,None
Kucing_HD_333.mp4,Berhasil,h264,aac,1080x1920,30.00,yuv420p,High,48000 Hz,18.45 MB,10.85s,Ya,Ya,None
Kucing_HD_334.mp4,Berhasil,h264,aac,1080x1920,30.00,yuv420p,High,48000 Hz,3.52 MB,5.83s,Ya,Ya,None
Kucing_HD_335.mp4,Berhasil,h264,aac,1080x1920,30.00,yuv420p,High,48000 Hz,7.20 MB,15.68s,Ya,Ya,None
Kucing_HD_336.mp4,Berhasil,h264,aac,1080x1920,30.00,yuv420p,High,48000 Hz,1.08 MB,19.71s,Ya,Ya,None
Kucing_HD_337.mp4,Berhasil,h264,aac,1080x1920,30.00,yuv420p,High,48000 Hz,12.59 MB,27.29s,Ya,Ya,None
Kucing_HD_338.mp4,Berhasil,h264,aac,1080x1920,30.00,yuv420p,High,48000 Hz,14.29 MB,26.40s,Ya,Ya,None
Kucing_HD_339.mp4,Berhasil,h264,aac,1080x1920,30.00,yuv420p,High,48000 Hz,5.60 MB,40.71s,Ya,Ya,None
Kucing_HD_340.mp4,Berhasil,h264,aac,1080x1920,30.00,yuv420p,High,48000 Hz,2.32 MB,6.90s,Ya,Ya,None
Kucing_HD_341.mp4,Berhasil,h264,aac,1080x1920,30.00,yuv420p,High,48000 Hz,3.02 MB,7.50s,Ya,Ya,None
Kucing_HD_342.mp4,Berhasil,h264,aac,1080x1920,30.00,yuv420p,High,48000 Hz,1.36 MB,4.30s,Ya,Ya,None
Kucing_HD_343.mp4,Berhasil,h264,aac,1080x1920,30.00,yuv420p,High,48000 Hz,2.49 MB,4.34s,Ya,Ya,None
Kucing_HD_344.mp4,Berhasil,h264,aac,1080x1920,30.00,yuv420p,High,48000 Hz,4.04 MB,8.43s,Ya,Ya,None
Kucing_HD_345.mp4,Berhasil,h264,aac,1080x1920,30.00,yuv420p,High,48000 Hz,5.76 MB,10.94s,Ya,Ya,None
Kucing_HD_346.mp4,Berhasil,h264,aac,1080x1920,30.00,yuv420p,High,48000 Hz,5.26 MB,6.53s,Ya,Ya,None
Kucing_HD_347.mp4,Berhasil,h264,aac,1080x1920,30.00,yuv420p,High,48000 Hz,11.10 MB,15.07s,Ya,Ya,None
Kucing_HD_348.mp4,Berhasil,h264,aac,1080x1920,30.00,yuv420p,High,48000 Hz,8.11 MB,14.93s,Ya,Ya,None
Kucing_HD_349.mp4,Berhasil,h264,aac,1080x1920,30.00,yuv420p,High,48000 Hz,1.42 MB,10.94s,Ya,Ya,None
Kucing_HD_350.mp4,Berhasil,h264,aac,1080x1920,30.00,yuv420p,High,48000 Hz,3.26 MB,9.03s,Ya,Ya,None
Kucing_HD_351.mp4,Berhasil,h264,aac,1080x1920,30.00,yuv420p,High,48000 Hz,8.83 MB,17.16s,Ya,Ya,None
Kucing_HD_352.mp4,Berhasil,h264,aac,1080x1920,30.00,yuv420p,High,48000 Hz,1.95 MB,6.20s,Ya,Ya,None
Kucing_HD_353.mp4,Berhasil,h264,aac,1080x1920,30.00,yuv420p,High,48000 Hz,4.24 MB,9.27s,Ya,Ya,None
Kucing_HD_354.mp4,Berhasil,h264,aac,1080x1920,30.00,yuv420p,High,48000 Hz,3.44 MB,22.83s,Ya,Ya,None
Kucing_HD_355.mp4,Berhasil,h264,aac,1080x1920,30.00,yuv420p,High,48000 Hz,4.41 MB,7.27s,Ya,Ya,None
Kucing_HD_356.mp4,Berhasil,h264,aac,1080x1920,30.00,yuv420p,High,48000 Hz,6.20 MB,18.69s,Ya,Ya,None
Kucing_HD_357.mp4,Berhasil,h264,aac,1080x1920,30.00,yuv420p,High,48000 Hz,22.27 MB,17.95s,Ya,Ya,None
Kucing_HD_358.mp4,Berhasil,h264,aac,1080x1920,30.00,yuv420p,High,48000 Hz,3.63 MB,7.08s,Ya,Ya,None
Kucing_HD_359.mp4,Berhasil,h264,aac,1080x1920,30.00,yuv420p,High,48000 Hz,8.03 MB,18.00s,Ya,Ya,None
Kucing_HD_360.mp4,Berhasil,h264,aac,1080x1920,30.00,yuv420p,High,48000 Hz,7.48 MB,18.97s,Ya,Ya,None
Kucing_HD_361.mp4,Berhasil,h264,aac,1080x1920,30.00,yuv420p,High,48000 Hz,2.93 MB,4.62s,Ya,Ya,None
Kucing_HD_362.mp4,Berhasil,h264,aac,1080x1920,30.00,yuv420p,High,48000 Hz,1.87 MB,9.54s,Ya,Ya,None
Kucing_HD_363.mp4,Berhasil,h264,aac,1080x1920,30.00,yuv420p,High,48000 Hz,16.23 MB,37.04s,Ya,Ya,None
Kucing_HD_364.mp4,Berhasil,h264,aac,1080x1920,30.00,yuv420p,High,48000 Hz,5.66 MB,14.19s,Ya,Ya,None
Kucing_HD_365.mp4,Berhasil,h264,aac,1080x1920,30.00,yuv420p,High,48000 Hz,4.87 MB,15.07s,Ya,Ya,None
Kucing_HD_366.mp4,Berhasil,h264,aac,1080x1920,30.00,yuv420p,High,48000 Hz,4.19 MB,8.06s,Ya,Ya,None
Kucing_HD_367.mp4,Berhasil,h264,aac,1080x1920,30.00,yuv420p,High,48000 Hz,1.37 MB,9.36s,Ya,Ya,None
Kucing_HD_368.mp4,Berhasil,h264,aac,1080x1920,30.00,yuv420p,High,48000 Hz,2.33 MB,9.73s,Ya,Ya,None
Kucing_HD_369.mp4,Berhasil,h264,aac,1080x1920,30.00,yuv420p,High,48000 Hz,2.36 MB,4.58s,Ya,Ya,None
Kucing_HD_370.mp4,Berhasil,h264,aac,1080x1920,30.00,yuv420p,High,48000 Hz,1.50 MB,6.20s,Ya,Ya,None
Kucing_HD_371.mp4,Berhasil,h264,aac,1080x1920,30.00,yuv420p,High,48000 Hz,9.89 MB,12.94s,Ya,Ya,None
Kucing_HD_372.mp4,Berhasil,h264,aac,1080x1920,30.00,yuv420p,High,48000 Hz,4.88 MB,13.77s,Ya,Ya,None
Kucing_HD_373.mp4,Berhasil,h264,aac,1080x1920,30.00,yuv420p,High,48000 Hz,5.65 MB,10.10s,Ya,Ya,None
Kucing_HD_374.mp4,Berhasil,h264,aac,1080x1920,30.00,yuv420p,High,48000 Hz,2.01 MB,6.62s,Ya,Ya,None
Kucing_HD_375.mp4,Berhasil,h264,aac,1080x1920,30.00,yuv420p,High,48000 Hz,6.32 MB,8.48s,Ya,Ya,None
Kucing_HD_376.mp4,Berhasil,h264,aac,1080x1920,30.00,yuv420p,High,48000 Hz,1.75 MB,7.50s,Ya,Ya,None
Kucing_HD_377.mp4,Berhasil,h264,aac,1080x1920,30.00,yuv420p,High,48000 Hz,8.54 MB,12.14s,Ya,Ya,None
Kucing_HD_378.mp4,Berhasil,h264,aac,1080x1920,30.00,yuv420p,High,48000 Hz,4.60 MB,8.80s,Ya,Ya,None
Kucing_HD_379.mp4,Berhasil,h264,aac,1080x1920,30.00,yuv420p,High,48000 Hz,3.61 MB,8.24s,Ya,Ya,None
Kucing_HD_380.mp4,Berhasil,h264,aac,1080x1920,30.00,yuv420p,High,48000 Hz,3.01 MB,9.64s,Ya,Ya,None
Kucing_HD_381.mp4,Berhasil,h264,aac,1080x1920,30.00,yuv420p,High,48000 Hz,6.14 MB,10.61s,Ya,Ya,None
Kucing_HD_382.mp4,Berhasil,h264,aac,1080x1920,30.00,yuv420p,High,48000 Hz,4.07 MB,7.97s,Ya,Ya,None
Kucing_HD_383.mp4,Berhasil,h264,aac,1080x1920,30.00,yuv420p,High,48000 Hz,4.77 MB,10.20s,Ya,Ya,None
Kucing_HD_384.mp4,Berhasil,h264,aac,1080x1920,30.00,yuv420p,High,48000 Hz,4.67 MB,25.01s,Ya,Ya,None
Kucing_HD_385.mp4,Berhasil,h264,aac,1080x1920,30.00,yuv420p,High,48000 Hz,2.70 MB,12.52s,Ya,Ya,None
Kucing_HD_386.mp4,Berhasil,h264,aac,1080x1920,30.00,yuv420p,High,48000 Hz,4.91 MB,9.36s,Ya,Ya,None
Kucing_HD_387.mp4,Berhasil,h264,aac,1080x1920,30.00,yuv420p,High,48000 Hz,3.33 MB,11.73s,Ya,Ya,None
Kucing_HD_388.mp4,Berhasil,h264,aac,1080x1920,30.00,yuv420p,High,48000 Hz,8.88 MB,17.16s,Ya,Ya,None
Kucing_HD_389.mp4,Berhasil,h264,aac,1080x1920,30.00,yuv420p,High,48000 Hz,18.92 MB,31.56s,Ya,Ya,None
Kucing_HD_390.mp4,Berhasil,h264,aac,1080x1920,30.00,yuv420p,High,48000 Hz,3.16 MB,8.57s,Ya,Ya,None
Kucing_HD_391.mp4,Berhasil,h264,aac,1080x1920,30.00,yuv420p,High,48000 Hz,5.26 MB,17.58s,Ya,Ya,None
Kucing_HD_392.mp4,Berhasil,h264,aac,1080x1920,30.00,yuv420p,High,48000 Hz,3.13 MB,9.59s,Ya,Ya,None
Kucing_HD_393.mp4,Berhasil,h264,aac,1080x1920,30.00,yuv420p,High,48000 Hz,4.28 MB,9.27s,Ya,Ya,None
Kucing_HD_394.mp4,Berhasil,h264,aac,1080x1920,30.00,yuv420p,High,48000 Hz,9.90 MB,14.79s,Ya,Ya,None
Kucing_HD_395.mp4,Berhasil,h264,aac,1080x1920,30.00,yuv420p,High,48000 Hz,5.40 MB,11.54s,Ya,Ya,None
Kucing_HD_396.mp4,Berhasil,h264,aac,1080x1920,30.00,yuv420p,High,48000 Hz,3.39 MB,8.89s,Ya,Ya,None
Kucing_HD_397.mp4,Berhasil,h264,aac,1080x1920,30.00,yuv420p,High,48000 Hz,6.12 MB,22.50s,Ya,Ya,None
Kucing_HD_398.mp4,Berhasil,h264,aac,1080x1920,30.00,yuv420p,High,48000 Hz,8.21 MB,18.14s,Ya,Ya,None
Kucing_HD_399.mp4,Berhasil,h264,aac,1080x1920,30.00,yuv420p,High,48000 Hz,9.65 MB,13.03s,Ya,Ya,None
Kucing_HD_400.mp4,Berhasil,h264,aac,1080x1920,30.00,yuv420p,High,48000 Hz,4.83 MB,7.92s,Ya,Ya,None
Kucing_HD_401.mp4,Berhasil,h264,aac,1080x1920,30.00,yuv420p,High,48000 Hz,3.10 MB,7.13s,Ya,Ya,None
Kucing_HD_402.mp4,Berhasil,h264,aac,1080x1920,30.00,yuv420p,High,48000 Hz,5.97 MB,9.03s,Ya,Ya,None
Kucing_HD_403.mp4,Berhasil,h264,aac,1080x1920,30.00,yuv420p,High,48000 Hz,9.12 MB,33.04s,Ya,Ya,None
Kucing_HD_404.mp4,Berhasil,h264,aac,1080x1920,30.00,yuv420p,High,48000 Hz,3.71 MB,21.99s,Ya,Ya,None
Kucing_HD_405.mp4,Berhasil,h264,aac,1080x1920,30.00,yuv420p,High,48000 Hz,2.12 MB,13.77s,Ya,Ya,None
Kucing_HD_406.mp4,Berhasil,h264,aac,1080x1920,30.00,yuv420p,High,48000 Hz,3.58 MB,8.57s,Ya,Ya,None
Kucing_HD_407.mp4,Berhasil,h264,aac,1080x1920,30.00,yuv420p,High,48000 Hz,4.70 MB,11.73s,Ya,Ya,None
Kucing_HD_408.mp4,Berhasil,h264,aac,1080x1920,30.00,yuv420p,High,48000 Hz,2.80 MB,8.57s,Ya,Ya,None
Kucing_HD_409.mp4,Berhasil,h264,aac,1080x1920,30.00,yuv420p,High,48000 Hz,4.47 MB,48.04s,Ya,Ya,None
Kucing_HD_410.mp4,Berhasil,h264,aac,1080x1920,30.00,yuv420p,High,48000 Hz,2.84 MB,26.64s,Ya,Ya,None
Kucing_HD_411.mp4,Berhasil,h264,aac,1080x1920,30.00,yuv420p,High,48000 Hz,1.60 MB,7.87s,Ya,Ya,None
Kucing_HD_412.mp4,Berhasil,h264,aac,1080x1920,30.00,yuv420p,High,48000 Hz,2.93 MB,12.10s,Ya,Ya,None
Kucing_HD_413.mp4,Berhasil,h264,aac,1080x1920,30.00,yuv420p,High,48000 Hz,8.02 MB,20.64s,Ya,Ya,None
Kucing_HD_414.mp4,Berhasil,h264,aac,1080x1920,30.00,yuv420p,High,48000 Hz,1.94 MB,9.08s,Ya,Ya,None
Kucing_HD_415.mp4,Berhasil,h264,aac,1080x1920,30.00,yuv420p,High,48000 Hz,12.20 MB,16.23s,Ya,Ya,None
Kucing_HD_416.mp4,Berhasil,h264,aac,1080x1920,30.00,yuv420p,High,48000 Hz,2.87 MB,8.89s,Ya,Ya,None
Kucing_HD_417.mp4,Berhasil,h264,aac,1080x1920,30.00,yuv420p,High,48000 Hz,0.98 MB,6.25s,Ya,Ya,None
Kucing_HD_418.mp4,Berhasil,h264,aac,1080x1920,30.00,yuv420p,High,48000 Hz,2.91 MB,14.42s,Ya,Ya,None
Kucing_HD_419.mp4,Berhasil,h264,aac,1080x1920,30.00,yuv420p,High,48000 Hz,2.16 MB,9.68s,Ya,Ya,None
Kucing_HD_420.mp4,Berhasil,h264,aac,1080x1920,30.00,yuv420p,High,48000 Hz,1.94 MB,7.87s,Ya,Ya,None
Kucing_HD_421.mp4,Berhasil,h264,aac,1080x1920,30.00,yuv420p,High,48000 Hz,5.98 MB,8.48s,Ya,Ya,None
Kucing_HD_422.mp4,Berhasil,h264,aac,1080x1920,30.00,yuv420p,High,48000 Hz,2.79 MB,7.36s,Ya,Ya,None
Kucing_HD_423.mp4,Berhasil,h264,aac,1080x1920,30.00,yuv420p,High,48000 Hz,0.80 MB,4.44s,Ya,Ya,None
Kucing_HD_424.mp4,Berhasil,h264,aac,1080x1920,30.00,yuv420p,High,48000 Hz,2.56 MB,5.50s,Ya,Ya,None
Kucing_HD_425.mp4,Berhasil,h264,aac,1080x1920,30.00,yuv420p,High,48000 Hz,14.20 MB,27.01s,Ya,Ya,None
Kucing_HD_426.mp4,Berhasil,h264,aac,1080x1920,30.00,yuv420p,High,48000 Hz,2.13 MB,7.92s,Ya,Ya,None
Kucing_HD_427.mp4,Berhasil,h264,aac,1080x1920,30.00,yuv420p,High,48000 Hz,9.19 MB,17.72s,Ya,Ya,None
Kucing_HD_428.mp4,Berhasil,h264,aac,1080x1920,30.00,yuv420p,High,48000 Hz,3.60 MB,23.15s,Ya,Ya,None
Kucing_HD_429.mp4,Berhasil,h264,aac,1080x1920,30.00,yuv420p,High,48000 Hz,23.89 MB,15.63s,Ya,Ya,None
Kucing_HD_430.mp4,Berhasil,h264,aac,1080x1920,30.00,yuv420p,High,48000 Hz,4.87 MB,11.31s,Ya,Ya,None
Kucing_HD_431.mp4,Berhasil,h264,aac,1080x1920,30.00,yuv420p,High,48000 Hz,5.17 MB,9.82s,Ya,Ya,None
Kucing_HD_432.mp4,Berhasil,h264,aac,1080x1920,30.00,yuv420p,High,48000 Hz,11.08 MB,21.06s,Ya,Ya,None
Kucing_HD_433.mp4,Berhasil,h264,aac,1080x1920,30.00,yuv420p,High,48000 Hz,4.80 MB,11.17s,Ya,Ya,None
Kucing_HD_434.mp4,Berhasil,h264,aac,1080x1920,30.00,yuv420p,High,48000 Hz,3.55 MB,7.73s,Ya,Ya,None
Kucing_HD_435.mp4,Berhasil,h264,aac,1080x1920,30.00,yuv420p,High,48000 Hz,2.79 MB,6.67s,Ya,Ya,None
Kucing_HD_436.mp4,Berhasil,h264,aac,1080x1920,30.00,yuv420p,High,48000 Hz,4.19 MB,10.89s,Ya,Ya,None
Kucing_HD_437.mp4,Berhasil,h264,aac,1080x1920,30.00,yuv420p,High,48000 Hz,8.13 MB,15.81s,Ya,Ya,None
Kucing_HD_438.mp4,Berhasil,h264,aac,1080x1920,30.00,yuv420p,High,48000 Hz,3.21 MB,9.96s,Ya,Ya,None
Kucing_HD_439.mp4,Berhasil,h264,aac,1080x1920,30.00,yuv420p,High,48000 Hz,6.94 MB,8.38s,Ya,Ya,None
Kucing_HD_440.mp4,Berhasil,h264,aac,1080x1920,30.00,yuv420p,High,48000 Hz,1.53 MB,4.44s,Ya,Ya,None
Kucing_HD_441.mp4,Berhasil,h264,aac,1080x1920,30.00,yuv420p,High,48000 Hz,12.70 MB,18.04s,Ya,Ya,None
Kucing_HD_442.mp4,Berhasil,h264,aac,1080x1920,30.00,yuv420p,High,48000 Hz,3.51 MB,9.27s,Ya,Ya,None
Kucing_HD_443.mp4,Berhasil,h264,aac,1080x1920,30.00,yuv420p,High,48000 Hz,6.56 MB,13.54s,Ya,Ya,None
Kucing_HD_444.mp4,Berhasil,h264,aac,1080x1920,30.00,yuv420p,High,48000 Hz,1.04 MB,7.92s,Ya,Ya,None
Kucing_HD_445.mp4,Berhasil,h264,aac,1080x1920,30.00,yuv420p,High,48000 Hz,3.62 MB,5.55s,Ya,Ya,None
Kucing_HD_446.mp4,Berhasil,h264,aac,1080x1920,30.00,yuv420p,High,48000 Hz,2.40 MB,9.50s,Ya,Ya,None
Kucing_HD_447.mp4,Berhasil,h264,aac,1080x1920,30.00,yuv420p,High,48000 Hz,7.43 MB,28.68s,Ya,Ya,None
Kucing_HD_448.mp4,Berhasil,h264,aac,1080x1920,30.00,yuv420p,High,48000 Hz,2.14 MB,8.71s,Ya,Ya,None
Kucing_HD_449.mp4,Berhasil,h264,aac,1080x1920,30.00,yuv420p,High,48000 Hz,30.66 MB,51.48s,Ya,Ya,None
Kucing_HD_450.mp4,Berhasil,h264,aac,1080x1920,30.00,yuv420p,High,48000 Hz,5.50 MB,56.45s,Ya,Ya,None
Kucing_HD_451.mp4,Berhasil,h264,aac,1080x1920,30.00,yuv420p,High,48000 Hz,9.98 MB,14.98s,Ya,Ya,None
Kucing_HD_452.mp4,Berhasil,h264,aac,1080x1920,30.00,yuv420p,High,48000 Hz,0.96 MB,7.55s,Ya,Ya,None
Kucing_HD_453.mp4,Berhasil,h264,aac,1080x1920,30.00,yuv420p,High,48000 Hz,5.50 MB,26.82s,Ya,Ya,None
Kucing_HD_454.mp4,Berhasil,h264,aac,1080x1920,30.00,yuv420p,High,48000 Hz,9.93 MB,14.65s,Ya,Ya,None
Kucing_HD_455.mp4,Berhasil,h264,aac,1080x1920,30.00,yuv420p,High,48000 Hz,6.48 MB,10.57s,Ya,Ya,None
Kucing_HD_456.mp4,Berhasil,h264,aac,1080x1920,30.00,yuv420p,High,48000 Hz,1.36 MB,4.30s,Ya,Ya,None
Kucing_HD_457.mp4,Berhasil,h264,aac,1080x1920,30.00,yuv420p,High,48000 Hz,8.32 MB,17.86s,Ya,Ya,None
Kucing_HD_458.mp4,Berhasil,h264,aac,1080x1920,30.00,yuv420p,High,48000 Hz,7.19 MB,20.64s,Ya,Ya,None
Kucing_HD_459.mp4,Berhasil,h264,aac,1080x1920,30.00,yuv420p,High,48000 Hz,7.37 MB,10.89s,Ya,Ya,None
Kucing_HD_460.mp4,Berhasil,h264,aac,1080x1920,30.00,yuv420p,High,48000 Hz,7.77 MB,42.75s,Ya,Ya,None
Kucing_HD_461.mp4,Berhasil,h264,aac,1080x1920,30.00,yuv420p,High,48000 Hz,3.45 MB,14.79s,Ya,Ya,None
Kucing_HD_462.mp4,Berhasil,h264,aac,1080x1920,30.00,yuv420p,High,48000 Hz,3.13 MB,5.50s,Ya,Ya,None
Kucing_HD_463.mp4,Berhasil,h264,aac,1080x1920,30.00,yuv420p,High,48000 Hz,6.95 MB,10.05s,Ya,Ya,None
Kucing_HD_464.mp4,Berhasil,h264,aac,1080x1920,30.00,yuv420p,High,48000 Hz,5.57 MB,12.66s,Ya,Ya,None
Kucing_HD_465.mp4,Berhasil,h264,aac,1080x1920,30.00,yuv420p,High,48000 Hz,10.82 MB,7.87s,Ya,Ya,None
Kucing_HD_466.mp4,Berhasil,h264,aac,1080x1920,30.00,yuv420p,High,48000 Hz,5.70 MB,14.42s,Ya,Ya,None
Kucing_HD_467.mp4,Berhasil,h264,aac,1080x1920,30.00,yuv420p,High,48000 Hz,10.77 MB,16.14s,Ya,Ya,None
Kucing_HD_468.mp4,Berhasil,h264,aac,1080x1920,30.00,yuv420p,High,48000 Hz,3.22 MB,8.11s,Ya,Ya,None
Kucing_HD_469.mp4,Berhasil,h264,aac,1080x1920,30.00,yuv420p,High,48000 Hz,8.39 MB,17.02s,Ya,Ya,None
Kucing_HD_470.mp4,Berhasil,h264,aac,1080x1920,30.00,yuv420p,High,48000 Hz,1.73 MB,9.96s,Ya,Ya,None
Kucing_HD_471.mp4,Berhasil,h264,aac,1080x1920,30.00,yuv420p,High,48000 Hz,4.64 MB,6.25s,Ya,Ya,None
Kucing_HD_472.mp4,Berhasil,h264,aac,1080x1920,30.00,yuv420p,High,48000 Hz,6.38 MB,14.37s,Ya,Ya,None
Kucing_HD_473.mp4,Berhasil,h264,aac,1080x1920,30.00,yuv420p,High,48000 Hz,6.83 MB,12.94s,Ya,Ya,None
Kucing_HD_474.mp4,Berhasil,h264,aac,1080x1920,30.00,yuv420p,High,48000 Hz,2.70 MB,6.16s,Ya,Ya,None
Kucing_HD_475.mp4,Berhasil,h264,aac,1080x1920,30.00,yuv420p,High,48000 Hz,13.77 MB,17.25s,Ya,Ya,None
Kucing_HD_476.mp4,Berhasil,h264,aac,1080x1920,30.00,yuv420p,High,48000 Hz,8.14 MB,12.70s,Ya,Ya,None
Kucing_HD_477.mp4,Berhasil,h264,aac,1080x1920,30.00,yuv420p,High,48000 Hz,3.20 MB,5.74s,Ya,Ya,None
Kucing_HD_478.mp4,Berhasil,h264,aac,1080x1920,30.00,yuv420p,High,48000 Hz,10.54 MB,19.58s,Ya,Ya,None
Kucing_HD_479.mp4,Berhasil,h264,aac,1080x1920,30.00,yuv420p,High,48000 Hz,4.52 MB,14.28s,Ya,Ya,None
Kucing_HD_480.mp4,Berhasil,h264,aac,1080x1920,30.00,yuv420p,High,48000 Hz,1.99 MB,5.50s,Ya,Ya,None
Kucing_HD_481.mp4,Berhasil,h264,aac,1080x1920,30.00,yuv420p,High,48000 Hz,23.53 MB,36.90s,Ya,Ya,None
Kucing_HD_482.mp4,Berhasil,h264,aac,1080x1920,30.00,yuv420p,High,48000 Hz,5.01 MB,23.80s,Ya,Ya,None
Kucing_HD_483.mp4,Berhasil,h264,aac,1080x1920,30.00,yuv420p,High,48000 Hz,8.99 MB,19.81s,Ya,Ya,None
Kucing_HD_484.mp4,Berhasil,h264,aac,1080x1920,30.00,yuv420p,High,48000 Hz,5.75 MB,9.73s,Ya,Ya,None
Kucing_HD_485.mp4,Berhasil,h264,aac,1080x1920,30.00,yuv420p,High,48000 Hz,21.81 MB,139.72s,Ya,Ya,None
Kucing_HD_486.mp4,Berhasil,h264,aac,1080x1920,30.00,yuv420p,High,48000 Hz,9.63 MB,20.41s,Ya,Ya,None
Kucing_HD_487.mp4,Berhasil,h264,aac,1080x1920,30.00,yuv420p,High,48000 Hz,7.93 MB,10.61s,Ya,Ya,None
Kucing_HD_488.mp4,Berhasil,h264,aac,1080x1920,30.00,yuv420p,High,48000 Hz,7.55 MB,35.55s,Ya,Ya,None
Kucing_HD_489.mp4,Berhasil,h264,aac,1080x1920,30.00,yuv420p,High,48000 Hz,22.80 MB,60.40s,Ya,Ya,None
Kucing_HD_490.mp4,Berhasil,h264,aac,1080x1920,30.00,yuv420p,High,48000 Hz,1.72 MB,18.83s,Ya,Ya,None
Kucing_HD_491.mp4,Berhasil,h264,aac,1080x1920,30.00,yuv420p,High,48000 Hz,14.41 MB,35.78s,Ya,Ya,None
Kucing_HD_492.mp4,Berhasil,h264,aac,1080x1920,30.00,yuv420p,High,48000 Hz,3.13 MB,6.85s,Ya,Ya,None
Kucing_HD_493.mp4,Berhasil,h264,aac,1080x1920,30.00,yuv420p,High,48000 Hz,24.52 MB,29.61s,Ya,Ya,None
Kucing_HD_494.mp4,Berhasil,h264,aac,1080x1920,30.00,yuv420p,High,48000 Hz,5.39 MB,11.87s,Ya,Ya,None
Kucing_HD_495.mp4,Berhasil,h264,aac,1080x1920,30.00,yuv420p,High,48000 Hz,10.19 MB,23.06s,Ya,Ya,None
Kucing_HD_496.mp4,Berhasil,h264,aac,1080x1920,30.00,yuv420p,High,48000 Hz,8.10 MB,18.65s,Ya,Ya,None
Kucing_HD_497.mp4,Berhasil,h264,aac,1080x1920,30.00,yuv420p,High,48000 Hz,7.65 MB,14.00s,Ya,Ya,None
Kucing_HD_498.mp4,Berhasil,h264,aac,1080x1920,30.00,yuv420p,High,48000 Hz,2.39 MB,7.18s,Ya,Ya,None
Kucing_HD_499.mp4,Berhasil,h264,aac,1080x1920,30.00,yuv420p,High,48000 Hz,3.74 MB,11.54s,Ya,Ya,None
Kucing_HD_500.mp4,Berhasil,h264,aac,1080x1920,30.00,yuv420p,High,48000 Hz,4.87 MB,31.74s,Ya,Ya,None
Kucing_HD_501.mp4,Berhasil,h264,aac,1080x1920,30.00,yuv420p,High,48000 Hz,3.73 MB,7.13s,Ya,Ya,None
Kucing_HD_502.mp4,Berhasil,h264,aac,1080x1920,30.00,yuv420p,High,48000 Hz,5.16 MB,10.47s,Ya,Ya,None
Kucing_HD_503.mp4,Berhasil,h264,aac,1080x1920,30.00,yuv420p,High,48000 Hz,21.04 MB,43.03s,Ya,Ya,None
Kucing_HD_504.mp4,Berhasil,h264,aac,1080x1920,30.00,yuv420p,High,48000 Hz,2.83 MB,7.32s,Ya,Ya,None
Kucing_HD_505.mp4,Berhasil,h264,aac,1080x1920,30.00,yuv420p,High,48000 Hz,2.76 MB,7.97s,Ya,Ya,None
Kucing_HD_506.mp4,Berhasil,h264,aac,1080x1920,30.00,yuv420p,High,48000 Hz,2.33 MB,6.62s,Ya,Ya,None
Kucing_HD_507.mp4,Berhasil,h264,aac,1080x1920,30.00,yuv420p,High,48000 Hz,2.41 MB,10.61s,Ya,Ya,None
Kucing_HD_508.mp4,Berhasil,h264,aac,1080x1920,30.00,yuv420p,High,48000 Hz,2.87 MB,10.10s,Ya,Ya,None
Kucing_HD_509.mp4,Berhasil,h264,aac,1080x1920,30.00,yuv420p,High,48000 Hz,6.39 MB,13.72s,Ya,Ya,None
Kucing_HD_510.mp4,Berhasil,h264,aac,1080x1920,30.00,yuv420p,High,48000 Hz,1.31 MB,10.66s,Ya,Ya,None
Kucing_HD_511.mp4,Berhasil,h264,aac,1080x1920,30.00,yuv420p,High,48000 Hz,6.70 MB,10.01s,Ya,Ya,None
Kucing_HD_512.mp4,Berhasil,h264,aac,1080x1920,30.00,yuv420p,High,48000 Hz,6.14 MB,15.26s,Ya,Ya,None
Kucing_HD_513.mp4,Berhasil,h264,aac,1080x1920,30.00,yuv420p,High,48000 Hz,14.65 MB,28.68s,Ya,Ya,None
Kucing_HD_514.mp4,Berhasil,h264,aac,1080x1920,30.00,yuv420p,High,48000 Hz,6.85 MB,17.62s,Ya,Ya,None
Kucing_HD_515.mp4,Berhasil,h264,aac,1080x1920,30.00,yuv420p,High,48000 Hz,3.97 MB,10.10s,Ya,Ya,None
Kucing_HD_516.mp4,Berhasil,h264,aac,1080x1920,30.00,yuv420p,High,48000 Hz,1.64 MB,4.16s,Ya,Ya,None
Kucing_HD_517.mp4,Berhasil,h264,aac,1080x1920,30.00,yuv420p,High,48000 Hz,6.15 MB,5.32s,Ya,Ya,None
Kucing_HD_518.mp4,Berhasil,h264,aac,1080x1920,30.00,yuv420p,High,48000 Hz,2.22 MB,19.67s,Ya,Ya,None
Kucing_HD_519.mp4,Berhasil,h264,aac,1080x1920,30.00,yuv420p,High,48000 Hz,7.69 MB,15.16s,Ya,Ya,None
Kucing_HD_520.mp4,Berhasil,h264,aac,1080x1920,30.00,yuv420p,High,48000 Hz,8.57 MB,14.75s,Ya,Ya,None
Kucing_HD_521.mp4,Berhasil,h264,aac,1080x1920,30.00,yuv420p,High,48000 Hz,1.92 MB,5.13s,Ya,Ya,None
Kucing_HD_522.mp4,Berhasil,h264,aac,1080x1920,30.00,yuv420p,High,48000 Hz,2.64 MB,7.64s,Ya,Ya,None
Kucing_HD_523.mp4,Berhasil,h264,aac,1080x1920,30.00,yuv420p,High,48000 Hz,6.55 MB,8.48s,Ya,Ya,None
Kucing_HD_524.mp4,Berhasil,h264,aac,1080x1920,30.00,yuv420p,High,48000 Hz,1.14 MB,8.43s,Ya,Ya,None
Kucing_HD_525.mp4,Berhasil,h264,aac,1080x1920,30.00,yuv420p,High,48000 Hz,5.44 MB,15.58s,Ya,Ya,None
Kucing_HD_526.mp4,Berhasil,h264,aac,1080x1920,30.00,yuv420p,High,48000 Hz,4.75 MB,10.71s,Ya,Ya,None
Kucing_HD_527.mp4,Berhasil,h264,aac,1080x1920,30.00,yuv420p,High,48000 Hz,3.22 MB,9.45s,Ya,Ya,None
Kucing_HD_528.mp4,Berhasil,h264,aac,1080x1920,30.00,yuv420p,High,48000 Hz,1.15 MB,7.92s,Ya,Ya,None
Kucing_HD_529.mp4,Berhasil,h264,aac,1080x1920,30.00,yuv420p,High,48000 Hz,7.63 MB,17.21s,Ya,Ya,None
Kucing_HD_530.mp4,Berhasil,h264,aac,1080x1920,30.00,yuv420p,High,48000 Hz,4.20 MB,9.54s,Ya,Ya,None
Kucing_HD_531.mp4,Berhasil,h264,aac,1080x1920,30.00,yuv420p,High,48000 Hz,4.95 MB,10.01s,Ya,Ya,None
Kucing_HD_532.mp4,Berhasil,h264,aac,1080x1920,30.00,yuv420p,High,48000 Hz,5.84 MB,8.01s,Ya,Ya,None
Kucing_HD_533.mp4,Berhasil,h264,aac,1080x1920,30.00,yuv420p,High,48000 Hz,1.11 MB,8.01s,Ya,Ya,None
Kucing_HD_534.mp4,Berhasil,h264,aac,1080x1920,30.00,yuv420p,High,48000 Hz,10.70 MB,13.21s,Ya,Ya,None
Kucing_HD_535.mp4,Berhasil,h264,aac,1080x1920,30.00,yuv420p,High,48000 Hz,9.30 MB,17.67s,Ya,Ya,None
Kucing_HD_536.mp4,Berhasil,h264,aac,1080x1920,30.00,yuv420p,High,48000 Hz,4.73 MB,10.66s,Ya,Ya,None
Kucing_HD_537.mp4,Berhasil,h264,aac,1080x1920,30.00,yuv420p,High,48000 Hz,11.28 MB,17.62s,Ya,Ya,None
Kucing_HD_538.mp4,Berhasil,h264,aac,1080x1920,30.00,yuv420p,High,48000 Hz,2.99 MB,7.78s,Ya,Ya,None
Kucing_HD_539.mp4,Berhasil,h264,aac,1080x1920,30.00,yuv420p,High,48000 Hz,5.65 MB,12.10s,Ya,Ya,None
Kucing_HD_540.mp4,Gagal Validasi,h264,aac,1080x1920,30.00,yuvj420p,High,48000 Hz,22.73 MB,21.99s,Ya,Tidak,Invalid pixel format: yuvj420p
Kucing_HD_541.mp4,Berhasil,h264,aac,1080x1920,30.00,yuv420p,High,48000 Hz,4.72 MB,17.62s,Ya,Ya,None
Kucing_HD_542.mp4,Berhasil,h264,aac,1080x1920,30.00,yuv420p,High,48000 Hz,14.55 MB,23.52s,Ya,Ya,None
Kucing_HD_543.mp4,Berhasil,h264,aac,1080x1920,30.00,yuv420p,High,48000 Hz,7.22 MB,14.75s,Ya,Ya,None
Kucing_HD_544.mp4,Berhasil,h264,aac,1080x1920,30.00,yuv420p,High,48000 Hz,2.21 MB,7.64s,Ya,Ya,None
Kucing_HD_545.mp4,Berhasil,h264,aac,1080x1920,30.00,yuv420p,High,48000 Hz,1.30 MB,7.08s,Ya,Ya,None
Kucing_HD_546.mp4,Berhasil,h264,aac,1080x1920,30.00,yuv420p,High,48000 Hz,3.95 MB,9.78s,Ya,Ya,None
Kucing_HD_547.mp4,Berhasil,h264,aac,1080x1920,30.00,yuv420p,High,48000 Hz,3.08 MB,6.43s,Ya,Ya,None
Kucing_HD_548.mp4,Berhasil,h264,aac,1080x1920,30.00,yuv420p,High,48000 Hz,3.91 MB,12.19s,Ya,Ya,None
Kucing_HD_549.mp4,Berhasil,h264,aac,1080x1920,30.00,yuv420p,High,48000 Hz,3.79 MB,14.23s,Ya,Ya,None
Kucing_HD_550.mp4,Berhasil,h264,aac,1080x1920,30.00,yuv420p,High,48000 Hz,3.41 MB,11.22s,Ya,Ya,None
Kucing_HD_551.mp4,Berhasil,h264,aac,1080x1920,30.00,yuv420p,High,48000 Hz,5.34 MB,14.61s,Ya,Ya,None
Kucing_HD_552.mp4,Berhasil,h264,aac,1080x1920,30.00,yuv420p,High,48000 Hz,3.44 MB,9.13s,Ya,Ya,None
Kucing_HD_553.mp4,Berhasil,h264,aac,1080x1920,30.00,yuv420p,High,48000 Hz,3.48 MB,7.64s,Ya,Ya,None
Kucing_HD_554.mp4,Berhasil,h264,aac,1080x1920,30.00,yuv420p,High,48000 Hz,1.77 MB,6.90s,Ya,Ya,None
Kucing_HD_555.mp4,Berhasil,h264,aac,1080x1920,30.00,yuv420p,High,48000 Hz,3.34 MB,9.73s,Ya,Ya,None
Kucing_HD_556.mp4,Berhasil,h264,aac,1080x1920,30.00,yuv420p,High,48000 Hz,1.27 MB,5.88s,Ya,Ya,None
Kucing_HD_557.mp4,Berhasil,h264,aac,1080x1920,30.00,yuv420p,High,48000 Hz,2.92 MB,7.78s,Ya,Ya,None
Kucing_HD_558.mp4,Berhasil,h264,aac,1080x1920,30.00,yuv420p,High,48000 Hz,3.07 MB,7.92s,Ya,Ya,None
Kucing_HD_559.mp4,Berhasil,h264,aac,1080x1920,30.00,yuv420p,High,48000 Hz,4.82 MB,10.85s,Ya,Ya,None
Kucing_HD_560.mp4,Berhasil,h264,aac,1080x1920,30.00,yuv420p,High,48000 Hz,1.77 MB,5.74s,Ya,Ya,None
Kucing_HD_561.mp4,Berhasil,h264,aac,1080x1920,30.00,yuv420p,High,48000 Hz,10.08 MB,15.12s,Ya,Ya,None
Kucing_HD_562.mp4,Berhasil,h264,aac,1080x1920,30.00,yuv420p,High,48000 Hz,2.38 MB,17.25s,Ya,Ya,None
Kucing_HD_563.mp4,Berhasil,h264,aac,1080x1920,30.00,yuv420p,High,48000 Hz,8.14 MB,18.97s,Ya,Ya,None
Kucing_HD_564.mp4,Berhasil,h264,aac,1080x1920,30.00,yuv420p,High,48000 Hz,7.76 MB,16.56s,Ya,Ya,None
Kucing_HD_565.mp4,Berhasil,h264,aac,1080x1920,30.00,yuv420p,High,48000 Hz,5.61 MB,19.95s,Ya,Ya,None
Kucing_HD_566.mp4,Berhasil,h264,aac,1080x1920,30.00,yuv420p,High,48000 Hz,2.99 MB,6.25s,Ya,Ya,None
Kucing_HD_567.mp4,Berhasil,h264,aac,1080x1920,30.00,yuv420p,High,48000 Hz,28.35 MB,23.71s,Ya,Ya,None
Kucing_HD_568.mp4,Berhasil,h264,aac,1080x1920,30.00,yuv420p,High,48000 Hz,8.05 MB,12.29s,Ya,Ya,None
Kucing_HD_569.mp4,Berhasil,h264,aac,1080x1920,30.00,yuv420p,High,48000 Hz,8.31 MB,13.49s,Ya,Ya,None
Kucing_HD_570.mp4,Berhasil,h264,aac,1080x1920,30.00,yuv420p,High,48000 Hz,5.64 MB,13.49s,Ya,Ya,None
Kucing_HD_571.mp4,Berhasil,h264,aac,1080x1920,30.00,yuv420p,High,48000 Hz,25.64 MB,43.86s,Ya,Ya,None
Kucing_HD_572.mp4,Berhasil,h264,aac,1080x1920,30.00,yuv420p,High,48000 Hz,4.37 MB,10.85s,Ya,Ya,None
Kucing_HD_573.mp4,Berhasil,h264,aac,1080x1920,30.00,yuv420p,High,48000 Hz,12.87 MB,19.58s,Ya,Ya,None
Kucing_HD_574.mp4,Berhasil,h264,aac,1080x1920,30.00,yuv420p,High,48000 Hz,3.48 MB,7.08s,Ya,Ya,None
Kucing_HD_575.mp4,Berhasil,h264,aac,1080x1920,30.00,yuv420p,High,48000 Hz,6.17 MB,14.10s,Ya,Ya,None
Kucing_HD_576.mp4,Berhasil,h264,aac,1080x1920,30.00,yuv420p,High,48000 Hz,2.41 MB,6.67s,Ya,Ya,None
Kucing_HD_577.mp4,Berhasil,h264,aac,1080x1920,30.00,yuv420p,High,48000 Hz,9.62 MB,24.82s,Ya,Ya,None
Kucing_HD_578.mp4,Berhasil,h264,aac,1080x1920,30.00,yuv420p,High,48000 Hz,3.55 MB,13.03s,Ya,Ya,None
Kucing_HD_579.mp4,Berhasil,h264,aac,1080x1920,30.00,yuv420p,High,48000 Hz,5.39 MB,12.19s,Ya,Ya,None
Kucing_HD_580.mp4,Berhasil,h264,aac,1080x1920,30.00,yuv420p,High,48000 Hz,7.07 MB,13.86s,Ya,Ya,None
Kucing_HD_581.mp4,Berhasil,h264,aac,1080x1920,30.00,yuv420p,High,48000 Hz,2.80 MB,6.25s,Ya,Ya,None
Kucing_HD_582.mp4,Berhasil,h264,aac,1080x1920,30.00,yuv420p,High,48000 Hz,6.39 MB,13.54s,Ya,Ya,None
Kucing_HD_583.mp4,Berhasil,h264,aac,1080x1920,30.00,yuv420p,High,48000 Hz,3.23 MB,13.07s,Ya,Ya,None
Kucing_HD_584.mp4,Berhasil,h264,aac,1080x1920,30.00,yuv420p,High,48000 Hz,2.08 MB,5.60s,Ya,Ya,None
Kucing_HD_585.mp4,Berhasil,h264,aac,1080x1920,30.00,yuv420p,High,48000 Hz,2.24 MB,8.71s,Ya,Ya,None
Kucing_HD_586.mp4,Berhasil,h264,aac,1080x1920,30.00,yuv420p,High,48000 Hz,2.52 MB,5.18s,Ya,Ya,None
Kucing_HD_587.mp4,Berhasil,h264,aac,1080x1920,30.00,yuv420p,High,48000 Hz,28.93 MB,55.15s,Ya,Ya,None
Kucing_HD_588.mp4,Berhasil,h264,aac,1080x1920,30.00,yuv420p,High,48000 Hz,2.85 MB,6.99s,Ya,Ya,None
Kucing_HD_589.mp4,Berhasil,h264,aac,1080x1920,30.00,yuv420p,High,48000 Hz,14.33 MB,24.92s,Ya,Ya,None
Kucing_HD_590.mp4,Berhasil,h264,aac,1080x1920,30.00,yuv420p,High,48000 Hz,7.44 MB,13.12s,Ya,Ya,None
Kucing_HD_591.mp4,Berhasil,h264,aac,1080x1920,30.00,yuv420p,High,48000 Hz,1.39 MB,4.81s,Ya,Ya,None
Kucing_HD_592.mp4,Berhasil,h264,aac,1080x1920,30.00,yuv420p,High,48000 Hz,5.29 MB,9.73s,Ya,Ya,None
Kucing_HD_593.mp4,Berhasil,h264,aac,1080x1920,30.00,yuv420p,High,48000 Hz,5.01 MB,7.41s,Ya,Ya,None
Kucing_HD_594.mp4,Berhasil,h264,aac,1080x1920,30.00,yuv420p,High,48000 Hz,3.15 MB,27.14s,Ya,Ya,None
Kucing_HD_595.mp4,Berhasil,h264,aac,1080x1920,30.00,yuv420p,High,48000 Hz,3.28 MB,8.06s,Ya,Ya,None
Kucing_HD_596.mp4,Berhasil,h264,aac,1080x1920,30.00,yuv420p,High,48000 Hz,6.90 MB,15.54s,Ya,Ya,None
Kucing_HD_597.mp4,Berhasil,h264,aac,1080x1920,30.00,yuv420p,High,48000 Hz,4.62 MB,10.29s,Ya,Ya,None
Kucing_HD_598.mp4,Berhasil,h264,aac,1080x1920,30.00,yuv420p,High,48000 Hz,0.77 MB,3.00s,Ya,Ya,None
Kucing_HD_599.mp4,Berhasil,h264,aac,1080x1920,30.00,yuv420p,High,48000 Hz,3.42 MB,5.88s,Ya,Ya,None
Kucing_HD_600.mp4,Berhasil,h264,aac,1080x1920,30.00,yuv420p,High,48000 Hz,2.62 MB,6.53s,Ya,Ya,None
Kucing_HD_601.mp4,Berhasil,h264,aac,1080x1920,30.00,yuv420p,High,48000 Hz,15.96 MB,32.35s,Ya,Ya,None
Kucing_HD_602.mp4,Berhasil,h264,aac,1080x1920,30.00,yuv420p,High,48000 Hz,1.08 MB,7.13s,Ya,Ya,None
Kucing_HD_603.mp4,Berhasil,h264,aac,1080x1920,30.00,yuv420p,High,48000 Hz,6.81 MB,18.83s,Ya,Ya,None
Kucing_HD_604.mp4,Berhasil,h264,aac,1080x1920,30.00,yuv420p,High,48000 Hz,9.88 MB,6.20s,Ya,Ya,None
Kucing_HD_605.mp4,Berhasil,h264,aac,1080x1920,30.00,yuv420p,High,48000 Hz,6.30 MB,16.32s,Ya,Ya,None
Kucing_HD_606.mp4,Berhasil,h264,aac,1080x1920,30.00,yuv420p,High,48000 Hz,4.53 MB,6.94s,Ya,Ya,None
Kucing_HD_607.mp4,Berhasil,h264,aac,1080x1920,30.00,yuv420p,High,48000 Hz,7.88 MB,15.54s,Ya,Ya,None
Kucing_HD_608.mp4,Berhasil,h264,aac,1080x1920,30.00,yuv420p,High,48000 Hz,17.11 MB,30.77s,Ya,Ya,None
Kucing_HD_609.mp4,Berhasil,h264,aac,1080x1920,30.00,yuv420p,High,48000 Hz,5.69 MB,13.26s,Ya,Ya,None
Kucing_HD_610.mp4,Berhasil,h264,aac,1080x1920,30.00,yuv420p,High,48000 Hz,2.30 MB,26.87s,Ya,Ya,None
Kucing_HD_611.mp4,Berhasil,h264,aac,1080x1920,30.00,yuv420p,High,48000 Hz,18.99 MB,41.03s,Ya,Ya,None
Kucing_HD_612.mp4,Berhasil,h264,aac,1080x1920,30.00,yuv420p,High,48000 Hz,2.37 MB,8.62s,Ya,Ya,None
Kucing_HD_613.mp4,Berhasil,h264,aac,1080x1920,30.00,yuv420p,High,48000 Hz,7.09 MB,13.77s,Ya,Ya,None
Kucing_HD_614.mp4,Berhasil,h264,aac,1080x1920,30.00,yuv420p,High,48000 Hz,2.58 MB,7.69s,Ya,Ya,None
Kucing_HD_615.mp4,Berhasil,h264,aac,1080x1920,30.00,yuv420p,High,48000 Hz,6.23 MB,16.65s,Ya,Ya,None
Kucing_HD_616.mp4,Berhasil,h264,aac,1080x1920,30.00,yuv420p,High,48000 Hz,2.48 MB,6.80s,Ya,Ya,None
Kucing_HD_617.mp4,Berhasil,h264,aac,1080x1920,30.00,yuv420p,High,48000 Hz,22.24 MB,44.10s,Ya,Ya,None
Kucing_HD_618.mp4,Berhasil,h264,aac,1080x1920,30.00,yuv420p,High,48000 Hz,7.09 MB,17.39s,Ya,Ya,None
Kucing_HD_619.mp4,Berhasil,h264,aac,1080x1920,30.00,yuv420p,High,48000 Hz,21.95 MB,14.42s,Ya,Ya,None
Kucing_HD_620.mp4,Berhasil,h264,aac,1080x1920,30.00,yuv420p,High,48000 Hz,3.61 MB,14.56s,Ya,Ya,None
Kucing_HD_621.mp4,Berhasil,h264,aac,1080x1920,30.00,yuv420p,High,48000 Hz,21.37 MB,14.61s,Ya,Ya,None
Kucing_HD_622.mp4,Berhasil,h264,aac,1080x1920,30.00,yuv420p,High,48000 Hz,4.67 MB,9.82s,Ya,Ya,None
Kucing_HD_623.mp4,Berhasil,h264,aac,1080x1920,30.00,yuv420p,High,48000 Hz,10.54 MB,19.34s,Ya,Ya,None
Kucing_HD_624.mp4,Berhasil,h264,aac,1080x1920,30.00,yuv420p,High,48000 Hz,3.60 MB,10.66s,Ya,Ya,None
Kucing_HD_625.mp4,Berhasil,h264,aac,1080x1920,30.00,yuv420p,High,48000 Hz,2.73 MB,5.23s,Ya,Ya,None
Kucing_HD_626.mp4,Berhasil,h264,aac,1080x1920,30.00,yuv420p,High,48000 Hz,6.99 MB,18.37s,Ya,Ya,None
Kucing_HD_627.mp4,Berhasil,h264,aac,1080x1920,30.00,yuv420p,High,48000 Hz,7.01 MB,46.98s,Ya,Ya,None
Kucing_HD_628.mp4,Berhasil,h264,aac,1080x1920,30.00,yuv420p,High,48000 Hz,4.88 MB,9.54s,Ya,Ya,None
Kucing_HD_629.mp4,Berhasil,h264,aac,1080x1920,30.00,yuv420p,High,48000 Hz,3.41 MB,7.18s,Ya,Ya,None
Kucing_HD_630.mp4,Berhasil,h264,aac,1080x1920,30.00,yuv420p,High,48000 Hz,5.28 MB,18.14s,Ya,Ya,None
Kucing_HD_631.mp4,Berhasil,h264,aac,1080x1920,30.00,yuv420p,High,48000 Hz,8.15 MB,9.82s,Ya,Ya,None
Kucing_HD_632.mp4,Berhasil,h264,aac,1080x1920,30.00,yuv420p,High,48000 Hz,1.39 MB,7.27s,Ya,Ya,None
Kucing_HD_633.mp4,Berhasil,h264,aac,1080x1920,30.00,yuv420p,High,48000 Hz,4.01 MB,13.68s,Ya,Ya,None
Kucing_HD_634.mp4,Berhasil,h264,aac,1080x1920,30.00,yuv420p,High,48000 Hz,1.24 MB,14.33s,Ya,Ya,None
Kucing_HD_635.mp4,Berhasil,h264,aac,1080x1920,30.00,yuv420p,High,48000 Hz,1.69 MB,5.23s,Ya,Ya,None
Kucing_HD_636.mp4,Berhasil,h264,aac,1080x1920,30.00,yuv420p,High,48000 Hz,2.19 MB,7.64s,Ya,Ya,None
Kucing_HD_637.mp4,Berhasil,h264,aac,1080x1920,30.00,yuv420p,High,48000 Hz,1.89 MB,5.13s,Ya,Ya,None
Kucing_HD_638.mp4,Berhasil,h264,aac,1080x1920,30.00,yuv420p,High,48000 Hz,10.41 MB,30.58s,Ya,Ya,None
Kucing_HD_639.mp4,Berhasil,h264,aac,1080x1920,30.00,yuv420p,High,48000 Hz,5.37 MB,11.26s,Ya,Ya,None
Kucing_HD_640.mp4,Berhasil,h264,aac,1080x1920,30.00,yuv420p,High,48000 Hz,2.45 MB,7.36s,Ya,Ya,None
Kucing_HD_641.mp4,Berhasil,h264,aac,1080x1920,30.00,yuv420p,High,48000 Hz,2.13 MB,4.07s,Ya,Ya,None
Kucing_HD_642.mp4,Gagal Validasi,h264,aac,1080x1920,30.00,yuvj420p,High,48000 Hz,7.63 MB,16.09s,Ya,Tidak,Invalid pixel format: yuvj420p
Kucing_HD_643.mp4,Berhasil,h264,aac,1080x1920,30.00,yuv420p,High,48000 Hz,8.80 MB,25.15s,Ya,Ya,None
Kucing_HD_644.mp4,Berhasil,h264,aac,1080x1920,30.00,yuv420p,High,48000 Hz,5.46 MB,9.36s,Ya,Ya,None
Kucing_HD_645.mp4,Berhasil,h264,aac,1080x1920,30.00,yuv420p,High,48000 Hz,2.29 MB,11.45s,Ya,Ya,None
Kucing_HD_646.mp4,Berhasil,h264,aac,1080x1920,30.00,yuv420p,High,48000 Hz,2.38 MB,7.64s,Ya,Ya,None
Kucing_HD_647.mp4,Berhasil,h264,aac,1080x1920,30.00,yuv420p,High,48000 Hz,16.13 MB,33.65s,Ya,Ya,None
Kucing_HD_648.mp4,Berhasil,h264,aac,1080x1920,30.00,yuv420p,High,48000 Hz,0.87 MB,7.27s,Ya,Ya,None
Kucing_HD_649.mp4,Berhasil,h264,aac,1080x1920,30.00,yuv420p,High,48000 Hz,14.46 MB,29.19s,Ya,Ya,None
Kucing_HD_650.mp4,Berhasil,h264,aac,1080x1920,30.00,yuv420p,High,48000 Hz,5.60 MB,15.40s,Ya,Ya,None
Kucing_HD_651.mp4,Berhasil,h264,aac,1080x1920,30.00,yuv420p,High,48000 Hz,9.45 MB,15.12s,Ya,Ya,None
Kucing_HD_652.mp4,Berhasil,h264,aac,1080x1920,30.00,yuv420p,High,48000 Hz,5.06 MB,12.01s,Ya,Ya,None
Kucing_HD_653.mp4,Berhasil,h264,aac,1080x1920,30.00,yuv420p,High,48000 Hz,1.26 MB,5.23s,Ya,Ya,None
Kucing_HD_654.mp4,Berhasil,h264,aac,1080x1920,30.00,yuv420p,High,48000 Hz,18.72 MB,26.59s,Ya,Ya,None
Kucing_HD_655.mp4,Berhasil,h264,aac,1080x1920,30.00,yuv420p,High,48000 Hz,5.99 MB,6.99s,Ya,Ya,None
Kucing_HD_656.mp4,Berhasil,h264,aac,1080x1920,30.00,yuv420p,High,48000 Hz,7.60 MB,15.35s,Ya,Ya,None
Kucing_HD_657.mp4,Berhasil,h264,aac,1080x1920,30.00,yuv420p,High,48000 Hz,2.64 MB,13.49s,Ya,Ya,None
Kucing_HD_658.mp4,Berhasil,h264,aac,1080x1920,30.00,yuv420p,High,48000 Hz,2.46 MB,7.59s,Ya,Ya,None
Kucing_HD_659.mp4,Berhasil,h264,aac,1080x1920,30.00,yuv420p,High,48000 Hz,12.95 MB,18.51s,Ya,Ya,None
Kucing_HD_660.mp4,Berhasil,h264,aac,1080x1920,30.00,yuv420p,High,48000 Hz,4.36 MB,8.62s,Ya,Ya,None
Kucing_HD_661.mp4,Berhasil,h264,aac,1080x1920,30.00,yuv420p,High,48000 Hz,2.98 MB,12.01s,Ya,Ya,None
Kucing_HD_662.mp4,Berhasil,h264,aac,1080x1920,30.00,yuv420p,High,48000 Hz,12.25 MB,39.36s,Ya,Ya,None
Kucing_HD_663.mp4,Berhasil,h264,aac,1080x1920,30.00,yuv420p,High,48000 Hz,6.85 MB,18.41s,Ya,Ya,None
Kucing_HD_664.mp4,Berhasil,h264,aac,1080x1920,30.00,yuv420p,High,48000 Hz,1.83 MB,6.25s,Ya,Ya,None
Kucing_HD_665.mp4,Berhasil,h264,aac,1080x1920,30.00,yuv420p,High,48000 Hz,1.66 MB,9.64s,Ya,Ya,None
Kucing_HD_666.mp4,Berhasil,h264,aac,1080x1920,30.00,yuv420p,High,48000 Hz,8.43 MB,18.37s,Ya,Ya,None
Kucing_HD_667.mp4,Berhasil,h264,aac,1080x1920,30.00,yuv420p,High,48000 Hz,4.02 MB,12.79s,Ya,Ya,None
Kucing_HD_668.mp4,Berhasil,h264,aac,1080x1920,30.00,yuv420p,High,48000 Hz,3.93 MB,14.65s,Ya,Ya,None
Kucing_HD_669.mp4,Berhasil,h264,aac,1080x1920,30.00,yuv420p,High,48000 Hz,8.00 MB,16.09s,Ya,Ya,None
Kucing_HD_670.mp4,Berhasil,h264,aac,1080x1920,30.00,yuv420p,High,48000 Hz,4.76 MB,33.00s,Ya,Ya,None
Kucing_HD_671.mp4,Berhasil,h264,aac,1080x1920,30.00,yuv420p,High,48000 Hz,5.94 MB,13.68s,Ya,Ya,None
Kucing_HD_672.mp4,Berhasil,h264,aac,1080x1920,30.00,yuv420p,High,48000 Hz,6.33 MB,12.05s,Ya,Ya,None
Kucing_HD_673.mp4,Berhasil,h264,aac,1080x1920,30.00,yuv420p,High,48000 Hz,1.38 MB,8.62s,Ya,Ya,None
Kucing_HD_674.mp4,Berhasil,h264,aac,1080x1920,30.00,yuv420p,High,48000 Hz,3.99 MB,9.03s,Ya,Ya,None
Kucing_HD_675.mp4,Berhasil,h264,aac,1080x1920,30.00,yuv420p,High,48000 Hz,7.45 MB,6.57s,Ya,Ya,None
Kucing_HD_676.mp4,Berhasil,h264,aac,1080x1920,30.00,yuv420p,High,48000 Hz,7.93 MB,42.98s,Ya,Ya,None
Kucing_HD_677.mp4,Berhasil,h264,aac,1080x1920,30.00,yuv420p,High,48000 Hz,3.94 MB,6.62s,Ya,Ya,None
Kucing_HD_678.mp4,Berhasil,h264,aac,1080x1920,30.00,yuv420p,High,48000 Hz,7.47 MB,20.23s,Ya,Ya,None
Kucing_HD_679.mp4,Berhasil,h264,aac,1080x1920,30.00,yuv420p,High,48000 Hz,22.56 MB,42.70s,Ya,Ya,None
Kucing_HD_680.mp4,Berhasil,h264,aac,1080x1920,30.00,yuv420p,High,48000 Hz,6.33 MB,7.08s,Ya,Ya,None
Kucing_HD_681.mp4,Berhasil,h264,aac,1080x1920,30.00,yuv420p,High,48000 Hz,3.22 MB,12.10s,Ya,Ya,None
Kucing_HD_682.mp4,Berhasil,h264,aac,1080x1920,30.00,yuv420p,High,48000 Hz,9.57 MB,15.26s,Ya,Ya,None
Kucing_HD_683.mp4,Berhasil,h264,aac,1080x1920,30.00,yuv420p,High,48000 Hz,0.73 MB,9.22s,Ya,Ya,None
Kucing_HD_684.mp4,Berhasil,h264,aac,1080x1920,30.00,yuv420p,High,48000 Hz,2.02 MB,6.62s,Ya,Ya,None
Kucing_HD_685.mp4,Berhasil,h264,aac,1080x1920,30.00,yuv420p,High,48000 Hz,3.43 MB,4.81s,Ya,Ya,None
Kucing_HD_686.mp4,Berhasil,h264,aac,1080x1920,30.00,yuv420p,High,48000 Hz,6.72 MB,12.42s,Ya,Ya,None
Kucing_HD_687.mp4,Berhasil,h264,aac,1080x1920,30.00,yuv420p,High,48000 Hz,3.07 MB,6.06s,Ya,Ya,None
Kucing_HD_688.mp4,Berhasil,h264,aac,1080x1920,30.00,yuv420p,High,48000 Hz,12.68 MB,20.74s,Ya,Ya,None
Kucing_HD_689.mp4,Berhasil,h264,aac,1080x1920,30.00,yuv420p,High,48000 Hz,15.88 MB,16.56s,Ya,Ya,None
Kucing_HD_690.mp4,Berhasil,h264,aac,1080x1920,30.00,yuv420p,High,48000 Hz,6.26 MB,17.16s,Ya,Ya,None
Kucing_HD_691.mp4,Berhasil,h264,aac,1080x1920,30.00,yuv420p,High,48000 Hz,2.98 MB,5.13s,Ya,Ya,None
Kucing_HD_692.mp4,Berhasil,h264,aac,1080x1920,30.00,yuv420p,High,48000 Hz,2.70 MB,8.57s,Ya,Ya,None
Kucing_HD_693.mp4,Berhasil,h264,aac,1080x1920,30.00,yuv420p,High,48000 Hz,2.59 MB,7.13s,Ya,Ya,None
Kucing_HD_694.mp4,Berhasil,h264,aac,1080x1920,30.00,yuv420p,High,48000 Hz,5.59 MB,15.16s,Ya,Ya,None
Kucing_HD_695.mp4,Berhasil,h264,aac,1080x1920,30.00,yuv420p,High,48000 Hz,3.50 MB,5.97s,Ya,Ya,None
Kucing_HD_696.mp4,Berhasil,h264,aac,1080x1920,30.00,yuv420p,High,48000 Hz,4.93 MB,10.66s,Ya,Ya,None
Kucing_HD_697.mp4,Berhasil,h264,aac,1080x1920,30.00,yuv420p,High,48000 Hz,9.00 MB,13.40s,Ya,Ya,None
Kucing_HD_698.mp4,Berhasil,h264,aac,1080x1920,30.00,yuv420p,High,48000 Hz,5.00 MB,11.49s,Ya,Ya,None
Kucing_HD_699.mp4,Berhasil,h264,aac,1080x1920,30.00,yuv420p,High,48000 Hz,2.86 MB,5.74s,Ya,Ya,None
Kucing_HD_700.mp4,Berhasil,h264,aac,1080x1920,30.00,yuv420p,High,48000 Hz,25.51 MB,34.20s,Ya,Ya,None
Kucing_HD_701.mp4,Berhasil,h264,aac,1080x1920,30.00,yuv420p,High,48000 Hz,5.39 MB,7.64s,Ya,Ya,None
Kucing_HD_702.mp4,Berhasil,h264,aac,1080x1920,30.00,yuv420p,High,48000 Hz,5.83 MB,11.68s,Ya,Ya,None
Kucing_HD_703.mp4,Berhasil,h264,aac,1080x1920,30.00,yuv420p,High,48000 Hz,8.15 MB,9.87s,Ya,Ya,None
Kucing_HD_704.mp4,Berhasil,h264,aac,1080x1920,30.00,yuv420p,High,48000 Hz,8.79 MB,21.29s,Ya,Ya,None
Kucing_HD_705.mp4,Berhasil,h264,aac,1080x1920,30.00,yuv420p,High,48000 Hz,12.09 MB,30.21s,Ya,Ya,None
Kucing_HD_706.mp4,Berhasil,h264,aac,1080x1920,30.00,yuv420p,High,48000 Hz,7.26 MB,23.89s,Ya,Ya,None
Kucing_HD_707.mp4,Berhasil,h264,aac,1080x1920,30.00,yuv420p,High,48000 Hz,18.33 MB,17.21s,Ya,Ya,None
Kucing_HD_708.mp4,Berhasil,h264,aac,1080x1920,30.00,yuv420p,High,48000 Hz,4.49 MB,6.43s,Ya,Ya,None
Kucing_HD_709.mp4,Berhasil,h264,aac,1080x1920,30.00,yuv420p,High,48000 Hz,1.52 MB,8.06s,Ya,Ya,None
Kucing_HD_710.mp4,Berhasil,h264,aac,1080x1920,30.00,yuv420p,High,48000 Hz,6.57 MB,8.85s,Ya,Ya,None
Kucing_HD_711.mp4,Berhasil,h264,aac,1080x1920,30.00,yuv420p,High,48000 Hz,10.45 MB,21.02s,Ya,Ya,None
Kucing_HD_712.mp4,Berhasil,h264,aac,1080x1920,30.00,yuv420p,High,48000 Hz,11.15 MB,17.95s,Ya,Ya,None
Kucing_HD_713.mp4,Berhasil,h264,aac,1080x1920,30.00,yuv420p,High,48000 Hz,15.60 MB,22.69s,Ya,Ya,None
Kucing_HD_714.mp4,Berhasil,h264,aac,1080x1920,30.00,yuv420p,High,48000 Hz,5.60 MB,17.25s,Ya,Ya,None
Kucing_HD_715.mp4,Berhasil,h264,aac,1080x1920,30.00,yuv420p,High,48000 Hz,13.86 MB,23.34s,Ya,Ya,None
Kucing_HD_716.mp4,Berhasil,h264,aac,1080x1920,30.00,yuv420p,High,48000 Hz,2.85 MB,9.96s,Ya,Ya,None
Kucing_HD_717.mp4,Berhasil,h264,aac,1080x1920,30.00,yuv420p,High,48000 Hz,4.64 MB,8.99s,Ya,Ya,None
Kucing_HD_718.mp4,Berhasil,h264,aac,1080x1920,30.00,yuv420p,High,48000 Hz,8.04 MB,21.06s,Ya,Ya,None
